OrderID,CustomerAge,Region,OrderValue,PromoCode
11309,24.3,East,233.67,8b9d2434-d806
10065,19.7,South,224.5,9a1de644-65ce
11466,55.0,West,215.33,96da1dac-0353
11554,63.9,West,305.19,27cd8130-ac56
10209,23.3,North,319.23,ec1b8ca1-2858
11130,34.7,East,483.01,b45ed1f0-1776
11354,31.0,East,788.92,daf61a26-33b6
10778,33.8,East,171.99,5af30553-88b1
11437,71.4,North,506.85,baa80dd4-53a9
10946,39.6,South,563.46,c6a7ee39-7545
11683,19.8,East,350.87,10f1bc81-a11d
10435,55.4,West,713.51,a491f0b2-4926
10542,26.0,East,610.26,956269f0-b957
10449,74.8,South,432.14,1c11f735-51e9
11622,56.8,North,338.58,f143262f-3aa6
11396,68.4,East,626.45,5715bd6f-9645
10890,27.0,North,765.36,e9a1fa6f-98cd
11723,54.4,South,164.63,c333e861-004a
11226,36.5,North,133.9,ce88cb2d-7a99
10118,31.7,North,114.24,c40db9b4-41bc
11351,45.1,South,248.79,4fcca39a-bf30
10897,69.3,West,140.75,3985c3cf-ad19
10043,51.5,South,491.33,01d74256-1e24
10468,21.8,North,694.73,3ceddf2d-f888
10438,48.7,West,232.25,683514f2-304b
10198,55.6,East,367.68,baa4b71a-3263
10124,40.9,East,650.44,1bf90e27-6218
10389,48.6,South,366.41,474ebc19-7fe6
11790,70.6,West,656.02,19108be5-078e
11984,23.3,South,174.73,7c52fa17-6d70
11770,40.9,North,173.48,63f2ae24-e8f6
10584,42.1,West,166.1,4bf50b52-1df1
11186,59.9,North,610.98,0ea2622b-f41d
11029,70.4,South,92.66,82010c62-5f24
10140,51.9,South,352.83,91d63f78-1459
11268,22.7,East,751.03,b758588d-7a35
10543,40.6,East,392.92,ef8c485b-04c4
10938,53.4,North,104.95,43e42caf-b2b1
11804,21.9,South,327.15,286218b8-9ae3
11252,74.1,North,550.9,8dfa6a56-3509
11922,68.1,East,136.57,8da01097-8b71
10577,52.5,East,202.7,7d106c60-1a02
10189,54.2,East,83.07,fad409e2-52ba
11518,43.2,West,470.68,1ca3c448-4c50
11117,20.1,East,486.88,25e97977-4140
10085,35.6,North,724.19,1a50aec3-d010
11994,53.4,South,744.32,698c206f-5bd5
11508,70.7,West,651.68,cf8d446a-889a
10326,62.9,North,336.91,787f2425-662e
11672,70.4,East,278.89,3a43b2ba-0c1d
11351,29.0,East,258.95,c5f8bc16-b3c9
11313,47.0,East,754.43,f86c2ca2-5b6d
11189,72.9,East,78.69,98b8e4cc-b0fd
11492,62.8,West,504.66,82ec9f2d-c538
11842,50.9,East,83.29,6fa17735-64e1
10745,42.6,East,517.37,e6697833-9e5a
11365,41.3,West,572.91,8dedf9fb-6238
10861,55.9,West,557.99,e71e43a6-9a16
10831,49.2,North,277.91,35ce8841-a4fd
10952,43.2,South,433.38,bc67f831-2b6a
10581,47.4,East,120.04,4f77a665-65f4
10301,19.4,South,787.95,c4bbb7a9-e92c
10848,68.5,South,588.76,624c69b6-cc9f
10499,26.4,North,719.49,e2add909-d9ac
10448,28.0,West,87.66,d92c9227-e9b5
10273,63.7,East,762.53,e4347d51-da7d
11701,69.7,West,722.91,79844388-84b4
11539,32.1,East,624.36,8573e793-7a7e
10562,43.1,East,225.87,55fa1ab8-2941
10283,26.6,West,570.46,b4d7e28e-20e2
10849,41.2,West,361.83,6b8e869f-0a00
11754,68.2,West,407.73,f1578470-98e3
11543,40.2,West,453.67,e5d6f6e6-f9f9
10449,33.6,West,71.77,06f028ff-db73
10277,67.4,South,87.71,610cf373-6c5e
10931,36.6,West,258.69,6bebac31-29ef
10963,19.1,North,799.93,59970043-2321
11599,72.6,North,615.67,f319c125-6612
11718,19.2,South,228.91,f2a03459-ee18
11432,32.6,East,175.84,d1bdb8c0-9f40
10221,51.0,East,481.85,60141de9-658b
10155,51.7,South,126.43,c5c14eb4-3dfa
11630,74.1,North,310.4,5eddbbbf-aeb5
10025,66.4,West,129.15,f5f62c97-eb62
11448,26.7,South,600.35,7bc67e1f-df03
11691,59.7,East,291.73,ef43613c-8ecf
11805,43.7,West,477.39,ab0e664e-ac3c
10058,46.2,East,186.38,364d7c87-8446
10697,33.9,East,466.84,30e912f2-7b93
11474,41.2,South,567.96,7da67785-08d4
10190,34.8,West,568.84,94e0d3ba-f24f
11133,48.3,West,797.47,8ce6424d-b420
11439,43.9,East,238.55,314d3441-3d36
11521,48.5,South,193.66,bd1531c8-8d91
11483,51.6,East,785.38,d52721e7-97ad
10465,38.6,East,60.61,88bd13d1-8c72
10093,73.5,East,573.06,7daa39f0-0647
11175,34.2,West,380.35,0d270659-f498
10233,64.9,West,418.81,afbb411a-4daf
10305,64.2,East,113.89,3f897142-d514
11241,52.0,South,631.77,61607459-e2ac
10608,67.0,West,279.04,9efba58b-32ce
11940,61.5,South,248.48,14c8b3b4-7acf
10355,49.5,South,52.01,980402a2-951f
10066,31.2,East,577.24,743b65a2-7783
11892,33.1,South,368.85,8b6870b5-4c48
11860,33.1,South,103.56,49e2623d-3fab
10959,57.3,West,757.01,7e695d0d-292f
11224,20.3,West,600.9,9a8cfa3c-0d3e
10187,31.0,North,799.68,c19ad58c-f0e5
11062,55.1,East,186.12,95d82980-fbc3
11984,23.2,East,356.26,292bd156-d2c3
11420,46.2,West,660.17,8cd321b0-e8de
10180,35.9,East,136.94,c5c5b37a-0096
11346,67.6,West,359.94,c1a6423b-e253
11556,20.9,East,461.91,ed7bf656-e050
11803,57.8,North,71.65,cc9fd334-5116
10636,49.4,West,119.91,e9b5c5cf-ec42
11939,24.7,South,423.78,b77350ca-8bfe
10850,65.6,West,232.8,8d1fb540-c465
10390,70.5,South,698.02,6a39aaa6-88ca
11680,18.1,East,678.11,a8f1e091-4c14
10914,48.7,East,299.33,6090d697-a4c0
11780,28.8,South,478.85,c68a152f-1658
10651,60.4,West,339.56,fb16e5db-fd9b
11975,20.1,East,702.28,70b7e868-e9f2
10031,59.2,West,703.2,f84f16b3-264f
10961,62.5,East,303.92,b15516bc-291f
11744,36.7,West,765.6,8a80068d-2308
10480,54.0,East,798.07,bf2c14a0-de31
10201,61.3,North,382.76,b1aa0f6a-0ed2
10094,36.5,North,270.03,5ff595ea-4a88
10500,48.3,South,177.49,deef580f-7b4e
11019,70.0,South,224.14,a34db7c5-eb4c
10522,56.0,West,725.91,28711733-e22a
11935,37.7,East,529.2,40066ff2-9aaf
10407,75.0,West,129.99,b303f438-0b3b
11699,55.5,East,56.07,f93e08d5-fe53
11705,69.5,East,631.81,cd4b69a9-7021
11303,28.8,East,558.32,d69d42f1-31bf
11850,53.8,North,281.7,70d9c9f8-bacf
11499,25.5,East,295.04,6a5e6920-66ce
10270,62.8,East,448.14,e9da484a-543f
10526,70.1,West,775.54,ded255d0-3af7
10959,72.9,South,615.61,8eac0a33-2e3c
11619,40.5,East,452.43,746cdb77-863a
11197,39.7,East,131.26,3bdbc09e-0cd0
11268,68.4,East,736.44,d2e82f38-9ab8
11329,41.3,South,84.01,0986bbeb-fc39
10237,23.5,South,341.48,8a4a0e2d-4f1d
11813,41.6,North,675.27,9d9b6231-8f3a
10067,57.3,South,382.54,f3579560-b9b1
10203,73.9,East,458.35,5bd20c98-cbd8
10565,28.8,North,761.76,d2fe2fde-2eef
11357,30.1,North,87.93,5560db22-4079
11611,50.2,North,672.36,8de08fc2-6e91
11665,67.6,East,630.78,989240ac-8df6
11758,74.1,South,455.16,cc6b66e5-3848
11353,67.4,South,61.15,52e2afd9-5936
10543,21.0,West,444.56,bee3eb79-f3d6
10918,62.3,North,389.0,9d77a45e-9a6f
10938,54.7,North,95.62,66d06371-3746
11004,58.6,West,105.12,14aeaf5c-4bf2
10134,25.2,East,335.68,4b7e6b3c-dc43
10203,63.2,North,689.59,370bc063-e732
11818,31.0,East,670.56,66132e69-30af
10640,42.3,East,330.73,ec48bf55-225f
10186,65.4,North,373.91,8fca7b6a-3e95
10841,38.2,West,701.07,b8976ec5-9344
11229,35.8,North,483.44,36760ce5-f6e1
10459,66.3,East,684.03,5e187b24-8ea0
11175,30.9,West,683.87,44777442-5c5f
10559,58.1,East,741.15,59dcabd0-5ce1
11781,26.2,West,102.19,f8c88fae-2efa
11528,48.2,West,364.87,5744f596-bd77
10638,59.1,North,712.51,27d415b6-197a
11380,22.7,West,546.45,7129cec7-8bdc
10441,61.0,North,308.88,1c6345ab-f927
11079,56.0,North,215.39,0e0630cd-68aa
10617,71.9,South,623.12,4a193501-3d6e
10015,46.4,West,181.77,b423ccde-b555
10147,40.6,North,377.16,a3e05309-943b
10235,41.1,East,178.9,5ca260c9-df98
11729,24.0,West,491.65,862268d1-caa1
11782,35.7,East,216.18,c77444cb-271b
11045,54.1,South,729.44,5970a859-4b9e
10483,23.9,East,197.95,9a36d1ec-2694
10362,72.2,West,397.96,9458054e-a57b
11769,73.3,East,163.22,117b355b-e269
11293,35.3,East,493.56,12fe28bf-ec69
10925,20.1,East,673.77,daf481a7-c4da
10947,51.1,North,387.3,a6ded1d8-a49f
11239,45.1,South,768.29,73557b9d-afd7
11462,22.8,South,79.36,b526b22d-e0fb
11073,47.8,South,322.92,eafde7d9-c65b
10837,62.1,North,641.92,a5b5cdc2-21bf
10675,23.4,West,263.11,df8f4197-aaae
10166,51.2,South,737.56,a981b098-4205
11218,58.4,North,282.19,caaa5bbe-416e
11372,58.1,North,534.52,5ca0c428-b9a6
10632,28.3,South,306.3,c422d03e-624e
10463,75.0,South,107.87,6070b6a1-5312
10370,65.4,South,590.89,0b2f6d5c-ba85
11385,59.0,West,507.95,c8a723e9-77cf
11093,31.6,West,727.98,31ab0b56-e195
10945,61.9,West,427.18,9acb394a-8000
10106,54.5,East,465.91,d9e604b3-91f3
10171,61.5,East,386.99,836b15c7-dffc
10187,71.9,South,662.53,e27718c5-0da7
10849,21.0,East,226.83,fe9936a3-bff4
10459,19.6,North,679.38,a663d2cd-4ac6
10281,20.2,West,572.05,b49e04cc-e5af
11260,18.3,North,64.25,6c5a6c93-9382
10486,35.2,North,228.83,9f708368-2028
10227,65.7,West,497.55,24c173b9-dbc5
10003,53.0,South,478.0,ab1021ce-b8a1
10138,72.3,North,342.84,785ac5d0-c615
10764,32.5,North,317.82,114b9547-7b74
11501,55.5,North,628.63,551ff086-16b3
10721,49.1,South,672.79,af475b49-f502
11293,28.4,South,97.33,752a7d25-963e
10412,20.5,South,714.34,7930ba20-12bf
11542,54.9,East,317.73,c7e53bbb-a9f2
10559,25.1,East,377.71,f4dbca07-ad96
11994,28.6,West,325.51,6cac028c-dc78
11233,74.7,South,459.11,523ae993-28fe
10671,55.7,East,384.44,b7b8c1a5-5552
11412,43.3,West,81.77,ff86cc31-8c92
11309,73.9,North,106.28,a334058a-ba03
11050,63.7,South,764.59,c8040fb7-11d1
10258,21.8,East,321.61,5ef787b8-e34c
11562,22.4,South,447.09,65e58f34-8eb0
10511,72.7,North,601.76,8fc9c86b-8607
11587,32.8,West,210.93,9ca3fbb3-fb7e
10409,25.0,North,389.03,8acbbe09-9993
11743,27.0,South,645.27,823dd107-3e23
10411,63.1,South,642.78,06ba8cd3-bce1
10957,63.8,South,508.96,161237c9-9e5b
10815,75.0,West,444.27,c4e7f7dd-25c2
10256,73.4,North,387.48,58321ee4-5d2a
11572,73.1,West,427.15,de431e06-3f92
11061,26.7,South,171.48,39b86bb2-916e
11732,22.5,South,526.29,8d03f17a-4016
11280,35.3,North,426.93,27794685-acdc
11725,70.7,North,668.93,07437c3b-1746
11942,54.6,East,538.35,a394ed54-fefe
11820,53.7,East,531.43,4d560a3d-7d60
11648,64.0,West,273.08,0f5675f8-e113
10851,45.6,South,305.14,24c778a5-a37d
11503,74.3,East,781.53,8fc85fc0-a363
10495,44.6,East,387.2,24108e9a-19e8
10594,71.9,West,236.2,500e15c0-5195
11020,74.8,West,424.07,4efc8248-0bdd
10184,71.9,West,775.01,5a575539-19e0
10576,46.2,West,264.31,1b84edc3-4493
11807,33.1,East,622.89,5dae1201-cd19
10104,50.5,South,321.89,49e1cd13-c5cf
11032,43.7,East,668.98,9c6d52d5-41e0
11996,23.5,East,646.17,f05eeefe-49dd
10407,52.3,West,425.06,0b990034-4629
11461,37.0,West,439.5,23c8afdb-a316
10332,40.4,East,495.29,901bcdef-f325
11670,18.9,East,555.35,fada98f5-9d87
11631,69.2,North,497.68,7afeb114-c2a8
10302,64.8,South,73.68,1c221cea-09b2
10903,35.9,South,359.72,34323ec6-f176
11787,66.4,North,579.33,84c86c46-a66c
11356,45.3,West,285.31,2c55aef7-af45
11118,38.2,East,507.56,3f1be0d0-98d4
10460,71.7,East,628.38,b4746349-fa5e
10649,45.3,East,265.84,8b0e8eb1-ca00
11676,37.7,South,267.84,b6d1f6bb-b156
11892,43.2,East,610.5,36c7d6fa-8ad1
11910,50.0,East,152.95,963a8617-7c23
10103,56.2,South,528.46,0d700ea4-d39c
10676,58.9,North,560.89,23310a28-50dd
10833,55.2,West,408.09,f6c31218-a470
10584,54.8,North,539.22,ebe5841f-d5f5
11806,65.7,North,797.88,7ed17aab-9435
11795,20.1,East,475.97,fba57cc8-91b2
10930,74.4,West,716.94,811414f8-8bb1
10394,64.1,East,171.87,2faabe0b-ac99
11619,34.8,South,181.62,e5a4983b-dafb
11055,36.7,West,551.94,23ff23d3-a5af
11916,32.1,East,337.68,546252e7-05da
10535,55.3,South,96.59,1e43fbd2-9d15
10327,41.1,East,567.72,f0cd7f05-bc2e
11258,30.6,South,408.64,5fa5e0aa-f110
11551,48.6,South,621.39,c9912032-e4bc
11081,58.1,North,737.93,1cb9b73a-6781
11172,48.6,South,296.09,85351a69-3b83
11393,29.7,West,118.21,82a7f586-1c7c
10928,25.5,West,392.6,ce920136-0b25
10810,32.5,North,609.35,940c3503-1730
10867,37.6,North,455.87,e4eb8000-f1b3
10064,34.4,South,626.73,6b9cd71c-c3d4
10918,67.6,West,331.73,8a0f9508-b20e
10242,28.2,West,446.63,4c61845e-d927
11089,39.6,South,235.63,589decb0-8d21
10386,71.4,North,74.16,a902b73f-0802
10492,29.7,North,495.46,df495037-7d4d
11516,20.5,West,225.75,0e731dd7-941a
10479,64.5,East,483.11,d18183d1-794b
10618,67.9,South,360.17,46707cd6-59ab
11282,56.7,West,85.16,86433603-d528
10836,26.5,West,187.91,89b5aab0-7b60
11739,30.8,South,654.33,ea2c7a51-d34a
11982,41.7,South,341.31,41476506-a918
11324,22.5,West,685.35,30c36756-8973
10772,56.4,North,705.22,8f10d33e-f573
10427,67.6,East,277.39,e8b3d763-6c72
11919,28.8,North,610.16,c11bd1c4-7c35
11424,52.5,South,347.47,48769153-eeb8
11092,55.0,East,246.17,7f4d908c-327c
11644,73.9,West,621.22,340029c3-a037
10847,20.6,South,605.94,0426fcc9-d5cc
10604,26.7,East,222.51,3ee82983-acd5
10527,61.5,West,774.88,7d97ac0f-5622
11500,63.3,South,154.97,8bea75c1-5e3b
11877,68.7,North,442.96,01a25ed1-4665
11725,53.9,North,580.38,02571851-e97a
10764,21.4,West,544.46,0406ff44-d29a
10024,19.0,East,451.8,49646b96-dc74
11651,71.6,South,130.26,261e2555-6244
11269,48.0,East,250.49,659b0105-bf00
11964,41.1,South,792.67,39d1c7ff-2946
11338,74.5,North,120.13,61177270-f3b6
10114,54.3,South,112.01,d867888b-a99c
11158,73.7,North,721.09,eb4d8f42-75a3
10432,69.4,West,253.32,ec95b3ac-8f8d
11841,49.0,North,184.52,d9b59f84-0804
11969,29.8,South,614.19,13b22cec-532c
11154,31.7,West,557.78,8a624cbd-c487
11547,60.2,North,425.59,f96d40f8-1b7e
10200,42.9,North,305.44,c607b1e9-0f2b
11298,33.6,West,417.95,f0eebcce-dd1b
10380,56.7,West,114.27,9e5d9c7a-7e2e
11460,22.2,East,165.67,a247541d-c77c
10648,38.6,North,53.9,4eea9db8-b847
11559,33.4,South,115.47,6e54ac6d-d0eb
10211,19.5,East,465.66,c8d0f9e5-c53d
10025,34.6,West,634.38,85671b58-c2ef
10347,25.9,East,251.31,255bfc1c-559c
10890,33.7,East,413.17,13b11e59-80de
11933,32.1,West,495.35,320f72c0-36c5
10277,35.4,West,299.16,9ec4ea48-a8b9
10901,37.1,South,275.33,b1fead13-f540
10643,28.1,West,776.54,3e0f84ce-c08a
10574,64.5,West,323.76,ba2aa7ba-6b57
10897,63.5,North,664.22,7fd255ee-9b0c
10495,32.4,South,586.43,ca00ef58-25de
10919,74.5,West,486.68,f7eae66e-2b82
10223,61.8,East,174.75,9cd8758b-cc9a
11980,60.9,West,129.46,193e4783-71aa
11045,60.6,South,384.33,64215e66-4d2e
10706,74.9,West,128.41,f633cc2d-3b6d
11702,71.6,South,311.25,57d337d3-69ea
11067,45.5,West,123.22,73d39457-2264
10614,20.5,North,66.94,ccd015c1-7ce2
11056,27.9,South,298.24,76492e64-cf62
11289,28.5,West,346.69,e212ab7c-e62e
11212,42.5,North,578.55,34ae4abd-2008
11182,23.8,South,324.34,327375bf-3a58
10537,56.2,West,445.79,a39c9ec6-c6fb
11251,40.4,North,310.94,d873dad9-5855
11666,56.4,East,739.01,97154633-4494
10641,24.7,East,137.71,63725424-4696
11177,39.9,South,415.0,2ab7b2ef-93e2
10287,28.7,West,514.56,dd92dd7c-04e8
10992,25.8,West,772.87,7eb6581e-fbc3
10851,58.5,West,416.52,c2d49b56-958c
10066,33.7,East,176.16,c4134dc2-39f6
11172,24.5,East,456.53,c1bcbe59-e1fa
11118,30.5,West,126.81,c0582da5-986d
11791,75.0,West,247.11,164484a0-3c1a
11588,64.3,South,658.03,a1fd4187-54fb
11261,25.9,South,660.15,ce315937-b39e
11090,34.0,South,292.74,b43cde0a-9423
11172,33.2,North,151.69,a7e8d18e-43f0
10511,26.3,East,671.36,ad1db537-fa9a
10291,50.9,East,520.86,600b4b35-26aa
11297,63.3,North,352.14,bff30c8d-bcf6
10931,72.2,East,486.47,f8ded777-b768
11741,21.6,West,213.37,363be5cb-897d
10661,65.2,East,460.48,da385db5-affe
11831,56.9,North,84.46,d6321d31-0856
10254,71.0,South,380.96,f54191ea-6796
11410,69.8,East,169.23,462623be-b88a
10512,22.7,South,88.84,a0279a18-77e1
10879,55.4,North,50.81,7a10013f-43f1
11215,30.9,West,56.97,b212a6ee-3dbe
11761,42.1,South,408.28,3a9c4308-2dbc
11496,63.9,North,285.01,e1887eaf-4635
10783,62.1,South,531.18,ad58db1b-2306
11086,50.1,South,380.07,b8f14e3c-4d80
11883,41.5,West,694.97,19b814fc-3f0e
11207,59.6,East,772.44,23cbe943-8dce
11320,22.8,East,634.23,b0c30a59-9a71
10420,47.5,South,610.88,f4655a21-fd61
10790,24.4,West,528.56,51045a16-c60f
11762,65.8,West,324.06,aed54a46-f128
11954,74.3,North,62.52,1149d096-863d
10441,20.3,North,761.51,c4615234-d8de
11437,40.9,South,258.1,4f560ed5-6809
11995,64.1,East,343.05,10eceb1f-dffe
11494,72.3,South,93.43,6f3a5115-e820
11253,52.7,East,549.56,2cf72140-067c
11449,25.8,North,172.87,f3f8dea4-84bc
10341,39.2,East,599.7,e65fad87-ab86
11652,42.5,North,247.21,a0a5fde6-fe07
10932,47.1,North,424.71,911f730b-bc41
10322,32.5,North,720.7,1d8680cb-0150
10090,66.9,North,233.41,78c59073-c415
11884,26.6,North,464.65,6b5bc975-a4c3
10508,41.7,East,253.44,5f705b25-1af7
10367,30.7,North,765.56,d847dc53-a793
10176,49.5,North,326.69,c8d57717-7c33
10950,39.0,West,798.34,c6a07656-7d81
10308,18.4,West,67.93,8aa2b4c9-04e9
11947,37.1,West,686.75,ba2ac3d9-3538
10420,48.2,South,364.86,f610396b-48e5
11457,34.0,North,740.96,850ef0ad-beb7
10938,73.5,North,485.58,8163b6ce-c9e8
10153,51.7,North,376.24,f6d70248-793a
10597,32.9,East,744.53,53853918-e7cf
10556,31.3,South,152.08,1be5a4c3-3618
10336,43.6,East,354.88,893259f3-6a4f
10925,35.6,East,689.36,1725d2c7-9bc2
11692,58.2,North,211.27,db4862c2-4bf1
10186,58.5,East,347.18,4c80d33a-5905
10063,72.3,West,466.97,8cd4b90a-307f
10946,23.8,South,141.09,38e7e019-6571
11686,40.8,North,486.74,d010318a-0b29
10132,29.3,West,656.97,cf133b65-3ebb
10087,71.7,North,175.99,92ea1324-ca3d
11016,19.7,West,179.61,2fe922aa-8f49
10913,68.4,North,510.58,9df2372e-9718
11021,41.5,West,95.73,479f6628-4643
10858,29.4,South,523.07,cb7b0b3a-c3d6
11601,58.7,West,458.39,7c13f47a-a4a9
10795,33.4,North,289.16,3811b519-8fd6
10119,64.1,West,447.07,ffe62994-51ba
10205,32.1,South,249.9,cc21cbdb-b5a8
11915,65.8,South,182.08,97af5bde-b7b2
11871,51.7,East,760.67,904883c1-6060
11713,74.3,West,456.59,2cf149cb-136f
10184,21.2,South,64.95,7a5d7c82-a9d9
11879,53.0,South,305.57,de4379cb-1e7e
10044,26.4,South,630.77,dc54d59b-2522
10765,58.2,West,489.51,5628ddcd-a52c
10279,73.6,West,643.88,f5edf382-a272
10356,58.3,East,217.43,2ce3d822-9d17
11503,57.2,South,183.28,92a54d04-1094
10372,52.3,South,529.74,7f05fbf5-a98e
11526,22.4,East,786.78,e2fbb984-e4ac
10023,33.1,South,569.88,59b9222c-3750
11475,18.1,West,378.67,69fd28e6-c1e6
10719,49.1,North,671.61,39bfca38-e70f
10150,63.6,North,271.18,51976e75-359e
10151,37.5,West,170.68,fa60ede1-ad07
11216,74.2,West,578.38,a754a29f-de4f
10321,21.1,East,204.16,30a2cee8-87d0
11352,34.0,South,121.94,7daec949-1be8
10738,18.2,North,270.91,99a7b99b-663b
10198,19.5,South,528.64,fa207403-f277
11728,24.6,West,403.21,43d75413-c669
10378,39.1,West,327.05,721e5419-86ce
10900,44.5,South,677.81,907276ea-4d60
11540,57.7,North,114.28,8a9c66f7-747c
11133,21.5,West,663.8,e1b41171-f3d8
10612,22.5,North,426.58,9eca381b-3d95
11944,61.2,South,761.8,31567f2a-15d9
10867,22.5,West,201.44,98550b1e-a3b6
11865,59.4,North,115.27,8e6de263-a6fa
11754,33.7,West,737.87,c81c8d31-399c
10848,26.5,North,743.7,693016ea-c41e
11341,45.7,West,78.1,46818a88-49a7
11266,52.7,West,79.09,3cd1ff3f-f34f
11885,33.3,East,65.17,4d950273-8f89
11726,46.0,North,779.37,3a5b6ac5-99d8
11995,60.4,East,252.06,a543148e-6039
10904,30.0,West,605.71,de0018aa-1cc7
11055,63.1,North,283.34,81bd55d5-4573
11598,66.5,North,180.3,0ec0ad4b-10ee
10934,20.9,East,578.48,462363a9-edae
11034,40.6,North,560.88,3defa7ba-fa42
11216,43.4,West,490.16,5989dd6c-53b8
11715,69.0,North,263.8,62f5f7c2-5368
11748,50.6,South,692.83,a5bab050-69d8
10551,55.1,North,698.47,aea4a441-f2bc
11866,25.5,South,500.86,022aadda-8139
11245,63.9,East,584.56,467f358b-c0c1
11744,37.9,East,213.66,9fa4a627-3462
10015,47.2,East,471.09,485d831c-3759
10986,21.6,East,530.45,dc8ab6a7-85b5
11343,58.5,East,191.27,4bacbedf-d64e
10828,40.1,North,487.27,d0e656e5-afb3
11487,58.7,West,729.89,abff9286-99b3
11731,27.7,South,270.34,7885187d-846e
11485,64.1,South,760.19,e64b9b37-2db8
10455,38.3,East,365.35,e3082ddc-be4d
10533,51.4,West,688.41,787515b9-2476
10967,68.7,North,700.62,4c610ae8-1bae
11783,66.7,South,794.26,57b936b0-ea46
10293,36.0,South,634.21,7cd2192f-5a88
10641,54.2,North,389.04,c606ddc4-511e
11002,62.8,North,147.05,6dedcba5-dba9
11976,45.2,North,78.29,30c9a2be-021c
11283,59.8,South,570.14,58274e80-4203
10210,39.9,East,175.27,d2e76deb-98ad
11942,34.6,East,375.25,2240063b-faf8
10735,60.8,South,761.06,6744acd4-74f3
10459,59.4,South,208.39,812faa38-3f0f
10750,58.5,North,331.39,a3ec152c-18e0
11216,74.7,North,540.18,050dcbfe-3b48
10853,43.3,North,460.46,27335670-04c3
10616,42.0,North,546.86,231d260b-35b7
11047,59.0,North,262.03,c8e60939-fed7
10406,52.7,East,673.62,f91e5fcd-b741
11440,41.4,South,79.55,eee13cae-a944
10480,18.2,North,730.16,ab450578-4c5c
11944,23.1,North,592.67,3b2d520b-9790
10540,44.5,North,659.88,dfc7ab26-94c5
10737,63.7,East,369.5,1dabb10a-177e
10019,66.6,South,296.5,e4ffc31a-895f
11799,59.8,East,661.22,2ed087d4-cd32
10819,72.9,East,676.78,2ab202c2-43d8
11425,59.4,South,127.78,702b7014-c26e
11595,38.4,North,696.93,e44a913a-f756
11884,45.8,West,380.52,1036ca81-a0e3
10025,58.2,South,783.42,1861c9f3-7f45
10986,37.7,West,161.49,9ce7eed1-05f6
11317,71.3,West,688.9,de9205ea-2654
11538,46.0,South,298.17,47354e4f-7206
11127,54.7,West,662.83,142e3df0-e36c
11640,50.7,North,692.44,72730e7b-3cc7
11018,60.5,North,126.98,698f04f8-0016
11691,23.2,East,717.58,8ff50701-e994
11946,37.4,North,662.44,d8253010-a9f8
11147,61.7,West,587.49,73d92ace-31e3
11555,55.6,North,306.02,85a0d089-366f
10093,69.1,West,155.34,b8b818cf-36c3
10520,52.8,South,140.56,da296905-6e61
10936,65.0,South,587.59,6a1aba9d-3f16
11581,68.8,West,543.84,7fb33be5-18de
11133,71.3,West,743.28,e901a768-58e8
11496,64.5,North,340.55,e1f85b33-c4f2
10857,73.8,South,255.2,f6ae10e8-969d
10927,63.9,South,359.56,dc57546d-6f47
10411,30.0,East,564.96,a30a6658-3b16
11558,38.1,West,487.1,b5caa993-9265
11797,66.3,North,442.05,06783c34-4a68
10108,56.2,South,250.23,c918a346-92bf
11399,32.3,North,567.95,4b8e5509-108a
10734,64.4,North,512.08,638e1388-9345
11419,55.9,West,340.67,8d5809b7-06a3
11523,32.3,West,672.49,a5cb3c6e-6497
11589,59.3,South,270.63,aec2bb19-5fbb
11971,27.9,North,332.9,6db2b020-874a
10266,27.2,East,54.23,efffa2f4-1473
10314,70.9,North,630.25,4d187b75-b756
10149,62.7,East,444.05,f4fd25b7-22e8
11610,46.8,West,457.31,67465743-b2e4
10453,68.4,East,298.3,4b27b079-f320
11149,65.0,North,136.04,5893ef12-7b0e
11852,54.6,South,769.17,5228ed8d-3a0c
10790,32.6,East,68.53,c53f1db3-e420
10996,20.5,South,290.23,189099c9-03c0
11283,21.7,South,698.71,1a9af29e-ded7
11324,64.6,North,610.17,275c75dc-eb1f
11468,36.9,North,104.94,d255a4de-846d
10834,40.1,West,374.77,0452f779-3c92
11095,18.3,North,616.97,95ea6825-252a
10732,70.9,North,267.38,af95be79-2c4a
10576,61.6,West,336.06,07e3c39a-5009
11092,30.5,West,647.58,a250d133-989a
11387,68.6,East,768.04,243113fd-1563
10010,50.6,West,452.86,f26d3dd3-9c00
10430,60.7,East,208.8,2477f047-5e34
10452,53.2,East,195.74,da2d2156-ec2a
11320,49.3,East,553.76,402d105b-6513
11486,51.1,East,317.85,3c0a584e-91fd
11268,22.0,South,288.34,735d88f3-9c81
11420,51.3,East,655.77,f56aabc0-5657
10009,35.9,South,584.15,a40dfea5-8da8
11720,38.5,East,708.41,767d3b27-b7ac
11586,35.4,North,181.83,9b4bf377-8fac
11758,65.1,South,247.43,970c9eb4-12c4
11129,32.9,West,540.43,260ccfb4-c8f5
10457,68.8,East,150.41,172e8c68-ba4c
11028,18.6,South,685.99,839e7623-e477
10326,28.2,South,601.94,5bda0655-7009
11559,45.8,North,248.27,3be8a5df-69de
11060,69.7,East,341.07,eafb9f20-17c6
10081,73.9,East,127.42,bdedcb7a-5902
10771,55.3,East,490.76,4067f790-721f
11057,41.1,East,415.15,9aad9234-4726
10900,27.4,North,435.91,47e321c2-4cec
10382,27.0,North,545.83,1d03c3d5-f527
10981,30.0,South,535.44,6930b0c4-7cc2
10088,25.3,South,151.04,833c8f55-4b31
10114,27.5,South,437.48,a33b3dfd-9120
11939,22.9,West,504.89,7b4e9ecd-7050
11700,41.4,South,645.96,43b7a0ef-af72
11888,43.8,North,222.36,62ada157-3796
10033,29.5,West,669.89,9b02c535-5ad7
10974,69.4,North,708.31,c09c2ebe-2fb6
10987,55.6,North,722.73,a6340d1a-d763
10758,67.9,West,222.11,cd638ba8-c331
10717,51.6,North,369.12,412817eb-770b
11863,67.0,East,498.72,8b31f4d8-83ff
10387,18.3,North,483.49,01d77831-692c
11408,63.8,West,321.7,279f91ab-81dc
10535,66.7,West,473.5,9ca4364d-cb7f
11546,29.6,West,184.04,7bd7b4bf-9d01
11183,37.6,West,601.84,a8c6c2df-75a4
10914,62.6,South,125.21,8222cd7f-ad47
11640,49.4,North,170.55,25343e85-dee9
10180,21.7,South,328.13,9be950c7-c4c6
11906,74.1,East,583.7,98f3f640-59bd
11311,46.2,North,201.28,4937b90f-1135
11605,52.2,South,511.39,ac8cdcaf-b82f
10489,55.3,South,115.13,66414954-ca50
10830,51.4,North,602.69,591cc524-8d92
10463,52.6,South,391.07,0130d66b-599e
10833,46.9,North,427.38,c68da4b2-ebe3
11836,51.4,North,411.48,420079f5-c3ed
11297,63.0,South,557.68,50d3ba03-b4c9
11057,48.5,East,236.19,17cf775f-af19
10155,49.6,South,407.42,5a81762a-89c4
10374,72.0,South,424.25,331d58bb-7bee
11787,33.1,South,202.07,9e5c5dcd-4fde
11595,24.1,North,556.86,a9d6290d-0364
11565,66.9,North,686.01,50bf2995-8ca9
11005,28.4,East,348.41,20d4ba18-d8aa
10979,71.6,North,426.86,2cbfb769-3da0
11430,47.5,East,566.91,35f3de4a-3395
10666,38.6,East,190.36,434a130e-89ef
10965,72.6,East,324.44,7faf6458-6bca
10858,57.9,East,323.81,668d3c8b-e6c5
10368,50.6,South,660.64,b8875caf-78bb
11137,42.6,West,197.05,bd1116ee-f22b
11650,18.6,West,424.7,b876a455-f926
10614,32.3,North,348.8,b0c77002-1ebd
10441,64.4,West,679.23,18a73d94-ab58
10532,38.6,East,308.11,696929b2-b3c2
11776,56.7,South,482.64,89d716ef-91b8
10727,36.5,West,631.06,141283fb-92b3
10949,54.0,South,701.19,edb68b81-d7f8
11292,52.9,West,686.68,12439b0f-52f1
10703,31.0,East,539.76,b5def807-ca79
10555,68.6,East,610.92,73461e07-55aa
10376,66.7,South,595.83,a97a4f4e-28fe
10431,27.5,North,121.67,0dc78104-cb45
11073,61.6,North,127.95,9e3bf1b3-2b2a
11341,71.1,West,282.03,48bfb602-40b9
10268,48.0,South,71.43,a9de5b26-a680
11769,45.1,East,461.41,8a0ec018-e9c0
11292,60.7,West,442.59,58e0058f-744a
11648,23.1,East,324.34,4282b6e4-9b6d
10021,18.0,South,307.91,ec0dfc3a-f442
10613,18.5,West,648.47,98d53cf5-03b2
11122,39.3,West,711.62,6fe633f1-7ff2
10334,58.8,West,671.32,3878becf-288e
10864,53.6,East,263.51,cf0e1567-d368
10385,66.6,South,152.47,73e88db6-fbe6
10384,36.3,South,87.22,88f3d7ea-5f33
11991,23.8,East,143.78,0219a9c7-2e2e
10308,18.8,South,306.43,cca99089-be27
10949,57.7,North,297.69,f39ef1be-1cb1
10545,62.2,North,457.39,2e7d952b-800a
11673,39.7,North,141.47,3fbbff57-e2cb
10506,60.0,North,199.38,355cca9c-c73b
11395,72.8,East,168.96,ba6dbed8-3e89
10518,45.4,East,199.04,e3347bac-6f81
11993,24.4,West,293.39,1ea15b0f-7c76
10018,73.2,West,566.3,27ad8d51-2dd0
10509,27.0,North,564.46,0f5f9707-b606
11320,26.8,North,144.37,3b90908e-b1d3
11649,68.8,South,66.01,60b57717-44fb
10513,69.2,West,579.97,8f1c3fa0-faed
10388,50.3,East,292.76,77e8b762-5218
10141,48.3,West,271.75,5dfb1922-005e
11589,54.4,West,600.24,e207db20-ba68
11589,53.4,East,590.75,63329992-febe
11568,49.4,East,291.95,a41247a2-388e
10197,47.8,North,82.83,f013a170-5b76
11788,19.8,North,414.03,1947ea42-c6f6
11347,45.9,East,86.81,b7c4b3ee-06b3
11905,70.5,West,746.3,d5030b43-efa5
11640,54.4,East,468.51,b55beaaa-8818
11083,20.3,North,675.84,84fcfcb0-33d3
11485,31.2,West,192.1,aa4d52a8-354c
10341,63.2,West,428.52,a854027e-e2d2
11911,38.1,East,462.56,ff31950a-be52
10844,61.6,West,669.62,8bae295e-c008
11568,49.4,East,320.01,73d0b6c7-cb4f
10000,59.4,East,496.82,84820c08-9a8a
10013,35.1,South,211.12,509d97cd-8d4a
11882,49.6,South,120.72,75dacbbe-4fed
10283,33.1,South,224.75,cfa28fb8-2f0e
11168,40.8,South,600.7,b93c92d5-f70e
10354,45.8,North,496.42,4ce6928b-c35a
10160,62.5,East,310.95,d13032db-d542
11905,67.5,South,610.76,edbc36d8-c3d5
10110,35.4,North,289.49,909e21ba-a756
11028,57.8,South,87.89,8135f15a-71b5
10884,34.5,West,161.01,560f1e2d-f3a3
11170,60.5,West,246.92,b2a7a475-450d
10984,49.9,West,346.49,9242ba54-7e13
10496,22.1,West,292.56,16efacdf-d3c1
10867,38.8,South,290.55,4e089bb4-b30e
11262,64.8,West,517.39,70c23600-778b
10408,57.1,South,618.3,da4ec04c-3988
11514,21.1,South,701.56,d1f44c8d-0708
10703,57.5,North,278.84,789fed96-a9eb
10428,60.2,South,202.85,04b51c12-1643
10523,27.7,East,200.52,4572b385-ee0f
11340,71.9,North,341.48,a8fc5690-373d
10039,34.7,West,223.38,50c1b8f7-2d11
10381,29.3,West,470.52,b6646199-145a
10506,70.6,East,300.18,28317f0d-b18d
11401,38.1,East,227.15,80520405-1fbf
11281,32.7,West,717.8,47bac8aa-4dac
10699,69.1,South,115.85,3a38b844-7b10
11173,26.7,East,732.3,544c0132-4377
10423,55.2,South,696.94,229fe85b-4a51
11343,71.2,South,288.12,1e4ea133-a29c
11719,68.1,North,624.08,6947cbac-e2d1
11527,71.2,East,163.97,301c6abf-4359
10378,19.5,East,504.2,9cc3c1f5-76e0
10472,57.2,East,109.61,c7a2b171-44a7
11028,66.2,West,584.01,5fbbcda5-c661
11006,45.0,South,194.94,08403234-07af
11895,33.4,West,216.92,345e2eaf-5aa9
11898,72.4,West,700.35,3f2d39c8-cf4a
11589,20.4,West,590.15,1bfc270c-e9ee
11693,68.0,South,439.03,bc341b4f-c659
11057,61.6,North,192.39,70869a45-9bee
11584,65.2,West,174.86,eb45bc38-48d3
10949,65.3,West,117.83,802b1bf4-5c0a
11594,51.4,South,344.8,52ce55e3-0cc1
10366,43.9,South,711.91,171603b1-a5ed
11416,55.0,South,588.78,1fa09802-3a73
11446,43.6,East,113.98,b5103e9c-51de
10775,49.4,North,626.2,e98965f2-4cd8
10332,67.5,South,626.87,0d22af35-9dba
10633,59.6,West,266.59,2e421840-435d
11966,29.6,East,59.16,ceb557ac-fca7
10487,30.4,West,390.3,711ebe6f-035d
10501,68.3,East,514.82,d343bf88-190b
10378,26.5,East,77.54,da948e70-98cd
10678,70.5,North,131.67,fe656dcc-529a
11376,34.2,South,774.72,092cd030-993d
10661,39.0,West,665.2,c2294116-213d
10599,44.8,North,570.96,46404b2a-d3d8
11074,30.0,South,509.04,fcb86f9e-f7a2
11482,57.3,East,370.29,d90949aa-84f2
11076,50.8,East,745.33,7f6bf62c-5c1c
11809,52.7,East,784.44,00679b62-0c47
10952,53.7,North,603.1,6a25542e-174a
10683,37.9,South,58.47,4818b004-22bb
10630,35.1,East,625.27,55520712-cac6
11483,50.4,North,674.03,31ab0158-ad06
11888,56.3,West,647.94,a54976d0-f686
10318,53.8,East,396.85,d06d3943-1cae
11710,47.7,East,466.38,04cabb38-a9d7
11637,70.2,East,99.66,2638d8be-0ff5
10694,74.1,South,478.24,63ba9d86-3bd3
11770,62.6,East,578.95,0818c965-d3e6
10177,46.3,South,328.69,4d79132c-9ac9
10358,24.4,North,633.34,e9d18ec2-e336
11036,19.4,West,728.72,2771a422-ae23
11891,45.6,East,631.65,df2e37e7-43f3
10420,59.3,West,340.69,1da76d69-9f38
11909,20.5,North,299.97,e3a1af97-34c9
11066,61.7,East,66.86,c22ca6a8-6b70
10657,29.4,East,257.49,1e1e5d91-4c73
10322,33.6,North,768.72,1a354475-b35c
11125,36.2,South,757.46,cdd3214c-7d59
10350,22.1,East,455.43,0cfc6420-0ed8
10964,69.5,North,129.45,0dc5d42e-da59
10802,28.2,West,512.24,4ffc1c54-6573
11460,61.2,North,780.26,21bd55eb-efc1
10199,44.0,West,402.91,f28bf846-4995
11763,69.1,East,734.65,645f273c-a920
11615,67.1,East,389.96,07bf63ee-f35f
10231,38.0,West,684.32,931e1d4d-34b3
10830,64.6,North,294.4,a64272a2-9aaf
11091,44.3,West,228.93,7b7ce7cc-21d2
10697,29.9,West,638.24,c98e3f5b-78e9
10354,55.8,North,604.53,d635212d-3a88
11212,52.0,East,466.32,d2701a52-5a33
10630,72.5,North,498.69,d1e2b878-a7a2
11012,54.8,North,117.9,d1291d13-0018
11550,26.4,South,389.73,4a9ff50e-e4f2
10400,29.7,East,274.8,adf792ff-de94
11470,74.0,East,792.72,952d986c-cef2
11735,25.3,East,96.81,f7c8435f-006e
11440,49.9,East,132.27,07fbb920-dd09
11438,51.6,East,583.83,67f1c18b-ded1
11116,30.0,South,406.15,ecaadafb-d59f
10315,34.4,South,150.71,04056d2b-f930
11347,42.9,South,113.5,2e07336d-d926
11130,64.7,West,316.48,2f900058-03cd
11183,46.4,South,584.1,44ed98e2-bbe3
10068,73.8,West,578.66,b0c46ddc-48bf
11495,59.7,East,398.7,16a46b83-f1e5
11291,60.3,North,563.06,94628786-1b05
11850,37.6,North,401.65,bbdb4536-d78f
10722,72.8,East,266.91,bfda55c9-8558
10125,53.9,South,479.64,06fd01e6-f832
10168,25.2,North,688.58,4721194b-43dc
11261,34.0,East,60.65,7257dcb6-59cd
10535,62.6,South,413.69,dcacfa54-af89
10172,73.1,South,678.21,62173b7f-e15f
11486,54.3,South,483.32,d7825ea3-1bd0
11315,33.1,North,89.39,76c9aeb2-f3d4
10617,45.1,South,334.85,b4a2b699-f2fd
10537,26.3,West,58.9,72e5e892-a1a1
11969,48.2,North,123.02,d82010d1-8b90
10686,33.4,North,241.51,958c9cfd-ec16
11583,56.5,South,600.74,2e0f0484-056a
11377,18.5,North,58.97,722944a9-7057
11485,34.1,South,75.53,9e90d107-1d1f
11922,51.9,South,762.87,a3596667-3d6d
10176,66.8,South,331.97,2f2bdc13-96d1
10956,55.6,North,529.09,52ca9ced-52ed
11598,22.2,North,337.1,0f6000f3-8782
10364,43.1,West,784.57,6483b0e7-fbee
10222,26.2,West,213.79,a4b1cf6a-e216
11465,32.8,North,104.69,7225539d-fed2
10304,55.2,North,749.67,aa239ba2-886a
10310,57.9,West,480.98,7d9d2b3b-df42
10827,66.1,North,455.1,00d8c046-f6d1
10248,50.3,East,300.08,4d862412-1c42
11294,74.8,North,324.02,570e5af5-eb55
11557,61.7,South,182.46,30e59543-c7bb
11835,24.1,East,414.88,3080bed6-1247
10395,19.4,South,416.92,4ec77371-e60b
11979,74.8,North,304.46,b8943df8-cf9e
10242,30.1,West,755.07,895c167f-7749
11894,22.1,South,416.67,04e1502a-1773
10497,58.0,South,60.77,a1f619ed-9d5b
11680,63.2,West,508.42,d145bd7f-3a75
11018,51.9,South,97.33,33e04a38-acb8
11661,65.6,West,293.18,2328051e-6d2c
11565,20.6,South,301.63,1ee92d3b-4850
11551,41.7,East,465.06,704c19e2-14d6
10273,23.7,West,633.25,7ca9e68f-0340
10014,28.2,North,580.06,48a2a172-f3b7
11417,25.2,South,529.87,85e9054f-d2f5
10489,71.5,North,497.2,b79a566b-2d11
11284,65.1,East,310.89,3c52d68a-3c29
11085,73.7,East,697.05,81ee30e4-edad
11577,53.7,South,257.32,31979167-4c66
11403,66.1,West,423.14,ec344cf0-1ba9
11320,38.8,South,376.0,c2270738-162d
10213,60.2,South,168.53,0770d18f-3b6c
10145,69.0,West,494.53,5372ebed-65c2
11530,56.6,East,222.55,1c31aaf3-749f
10200,31.5,West,702.41,387d5add-f125
11198,45.6,West,158.71,747a4829-c650
10764,25.8,South,524.02,f9be07f3-6788
10687,25.3,North,260.45,772d416d-d621
10350,61.3,South,714.81,9a87e357-5701
11183,73.3,South,114.86,fee3dbaa-f26d
11714,44.4,North,597.51,3f24ba6a-a793
10889,51.0,South,735.32,e5f3d466-d5e6
10090,20.3,West,600.11,81145252-d9f5
11087,40.5,North,389.33,3d922952-065c
11419,59.7,South,149.53,4bb8ebe2-2e74
10032,45.3,East,171.35,956abfdf-e8e0
10949,62.0,West,188.71,df1e04cb-edb8
11441,54.1,North,338.66,b0d508a9-10bf
10607,42.3,East,573.54,af4637b3-abe0
11506,71.1,East,715.98,1c684db0-bb2e
10953,53.3,East,324.82,b47299b6-68d0
10283,73.9,South,454.73,a6276167-6b6a
11542,60.5,South,290.35,e5def08e-d88a
10567,21.1,East,308.92,1f69e2b1-95a3
10925,53.4,North,191.27,e24c724b-2cb3
10164,40.3,South,266.28,f4e580aa-37fe
10337,33.7,South,422.25,dfff8cea-0b9e
10600,41.7,South,405.43,6b8da340-0aff
10597,28.8,North,703.85,a50939f1-d2c9
11185,37.5,East,414.61,8c68720e-ea7f
10622,50.3,East,178.8,428fd941-f7ee
10761,73.3,North,161.25,48cd42c0-552d
11266,70.7,East,186.71,cb618d75-528f
10487,24.7,East,480.89,70de13fc-bd45
10377,29.7,North,549.16,fa5fafdb-4bbf
10763,43.6,South,450.23,06617f95-ffb3
11573,26.3,West,745.86,27f31b78-a99d
11325,58.2,West,721.98,aab9278d-e25b
10693,57.3,West,725.13,8d0bb6d7-9dbc
10050,40.9,South,384.48,17acd7e9-1c2d
11245,54.6,South,635.96,c4605896-6434
10046,22.8,West,557.8,f526d3b0-c9f1
10398,46.0,North,731.34,5c6ebf5a-4bbf
11466,66.7,East,339.58,031eef96-b099
10719,35.6,West,705.73,166cdd33-e370
11518,74.6,West,266.48,e57c5c02-4775
11711,51.5,North,157.73,4da08e48-abbb
10135,71.2,West,116.34,ea16ce6e-d43b
10358,49.7,South,199.44,d5108bc0-9434
11134,46.0,East,675.94,4dcd5534-ed49
10459,19.5,North,165.52,a2f5a68b-3f94
11339,56.0,East,362.87,3ea7f419-3d1c
11566,33.8,North,499.17,af97fbd2-3d3a
10764,47.2,North,683.96,0efa8993-a3ad
10944,68.1,South,318.04,0d8a16f3-b8ea
10859,54.3,East,86.54,a0c69223-3063
11226,60.9,East,704.33,4d131338-b99c
10196,48.5,East,667.49,034d42fd-9015
10763,62.4,West,305.23,e92966be-3470
10446,26.8,South,673.68,cd75e6de-d5ae
10943,70.2,North,664.13,ec6494e0-f583
10713,35.8,East,154.26,f859396d-582b
11453,35.4,North,216.77,3a00c83e-402d
10429,25.4,North,368.6,1c99d366-09a0
11586,45.6,West,81.89,1b99eb83-1e58
10960,24.8,East,82.46,9a0f09e9-6669
10378,56.2,North,118.08,f11cc0a4-b217
10721,27.2,South,428.68,117e894e-0728
11083,30.4,South,773.2,b9b07ec4-6d93
11885,46.7,West,324.85,96e1a522-e11b
11379,72.6,South,676.06,fb368cf4-d922
10438,47.3,West,134.63,fc0f94cd-3f4a
10954,24.3,South,421.86,b8ddf15d-2a1c
10671,46.1,West,262.71,71a71782-d087
10595,74.1,West,191.59,addb8943-5bcc
10026,74.9,West,554.07,65787d0c-2b85
10244,26.2,West,571.28,fa42156e-5662
10132,38.7,South,303.97,fd9bfaf3-3eda
10476,65.8,West,258.89,6675d5e2-f39f
11365,52.4,West,790.64,82ec0fc3-4b74
11572,43.9,North,238.02,7f4d55b9-44eb
10060,23.7,North,672.73,2dd93719-a766
10312,35.3,North,620.13,774d34f5-964d
11355,46.4,East,456.83,c3933447-dc5e
11802,70.2,West,387.59,da55f825-e296
10941,20.1,South,467.5,b4c04bdf-fba3
10882,25.7,West,415.59,acce693e-f08c
10974,50.0,South,430.01,6431cbbe-fd48
11210,73.3,East,624.85,48d0e602-1f72
10057,51.7,South,677.7,575c9669-31d7
10876,37.7,East,358.95,3e85c8c4-7820
11327,35.8,North,732.79,4e0ebe2e-acd9
10347,19.1,East,78.03,6bd1f826-0a72
11425,44.8,North,789.32,63eac0a1-3209
11655,45.8,South,301.98,56ec0e55-995a
10744,73.3,South,422.71,c982a300-6d9b
10588,33.1,East,797.17,563b04fa-2271
11160,63.7,West,370.33,d2e08e57-998d
10886,55.8,East,200.06,66fd3215-e80d
11375,61.5,South,710.67,7fcbcf31-ef41
10548,71.4,West,750.98,335dab46-eccb
10302,31.7,East,683.09,6906d118-20fc
11298,29.6,West,250.2,291c0da1-78e6
10831,31.6,South,193.94,d3c544a3-eda6
10994,49.9,West,366.51,e7d90c1b-676b
10326,33.5,North,243.8,cdb4adab-5a1a
11319,66.6,West,636.68,e581620f-a0b8
11232,35.0,North,725.43,171e5028-47f7
10483,24.4,North,441.47,40767e21-2e35
10487,52.2,East,296.96,6c412493-49de
10218,28.0,East,379.61,96e83922-fb10
11092,39.4,North,287.37,6c7ceeb7-7e21
11972,33.8,South,322.25,b7363ad9-9dc8
10043,54.8,North,681.1,f0db6ecb-7ab6
10518,49.5,East,529.21,b35b9f78-3e7d
11095,67.4,West,341.35,416aa7f6-2e35
11917,64.9,South,273.07,a4f954fc-1158
10561,67.4,West,403.32,d7567d35-d840
11795,70.4,North,668.3,b2cfba8b-21fa
10720,42.0,East,389.95,a43f683a-e305
11620,54.5,North,350.5,a0d80651-a0a0
11179,22.7,South,237.2,f07db671-e729
10979,67.8,South,245.51,d3a71b83-9047
10406,22.8,East,186.42,e05b1892-72ef
10042,72.0,South,730.13,f9606ca3-6583
10536,58.0,South,87.34,9e35836f-8533
10305,23.1,East,177.59,9136d4ad-073a
11471,48.0,West,670.44,7e808d05-72ef
11461,29.6,East,265.97,7e81cdfa-42a9
10883,66.8,South,796.41,ad5c3c49-d62f
10369,41.3,South,71.58,f9e38905-7891
11265,43.7,South,327.23,754a3e48-0548
10960,25.6,East,780.8,98e1d54c-2567
10195,49.7,North,299.65,3c1e919b-b567
11241,71.5,North,54.02,618521ab-ca15
11374,39.1,North,485.37,42a27950-fc55
11905,37.3,West,148.94,87c9daac-4899
10533,24.7,North,783.89,6e1a1e1b-86c4
11255,65.3,East,437.73,2a3c6137-fb88
11564,72.2,West,89.92,260c037e-75b0
10375,20.0,East,172.67,7796048f-3b67
11833,70.9,North,381.14,8f942977-ea5f
11009,24.4,South,142.74,17f4b85d-9177
10369,65.6,East,472.44,2e39c29a-2756
10504,61.8,North,715.53,06a574ec-3e75
10807,39.3,North,677.73,275dd459-2981
10942,65.3,West,390.54,f4881671-02f8
10674,73.3,West,293.69,91b45e06-6c38
11767,20.8,East,292.38,61a2d612-cc37
10522,28.1,West,116.89,da33562c-536c
10795,62.4,East,535.38,27755e9d-98db
11005,63.7,East,727.8,9a7fde23-b7d4
11362,23.5,East,434.49,7d57ef69-c6b3
10975,33.3,West,117.67,2fb50401-da1e
10190,20.3,East,779.95,ad2b2c82-4f65
11906,46.2,North,268.03,6ff6881f-f489
10615,26.5,South,563.24,6d7fd4e2-186f
11128,22.4,North,435.06,82ba0fed-d377
10193,44.5,East,316.59,95e7c6e4-0854
10233,60.2,West,184.66,6498da39-2aa5
10852,68.0,East,285.46,b95e44e3-e65f
11277,64.0,East,775.04,2febcc33-5ec3
10160,60.6,East,703.71,1b387c72-092c
10011,40.5,North,178.8,7a248720-cf68
11779,55.5,West,277.1,9de2fd3f-ca3d
11647,35.3,South,151.34,30d867cd-0822
11425,73.3,North,206.92,a60c2bed-7bca
10892,66.0,South,114.57,c50c71f4-4bdc
10970,42.0,North,174.58,b3dd7820-f858
10965,19.1,West,488.92,338aea2d-c891
10104,37.0,North,522.81,b68d4037-d4d4
11737,46.3,East,77.76,665173fa-f9ce
10474,58.7,North,366.5,10423a8e-d593
11820,45.0,West,517.02,a56c0a56-e58a
11428,42.9,South,266.01,31341ab8-b00c
10897,31.2,South,490.74,af5a7636-efda
10268,68.3,West,769.85,bc0dbd13-f1d4
11637,73.3,South,516.38,bfcf214e-f73d
10264,27.9,South,504.31,fe678797-9b78
10480,29.9,North,799.45,42c45041-5134
10357,65.2,North,655.11,5675c8f3-3a5a
11264,30.9,South,414.77,fe60afde-b5e2
11575,20.7,East,722.24,f23e9a06-ea0d
11971,66.0,North,780.99,8ffe38c9-35f8
10342,53.9,South,733.24,818270d2-32d6
10315,54.9,East,664.37,33af15be-d4dd
11575,61.8,South,676.11,7942000a-92d1
11034,27.8,East,329.33,c13d8929-b8a6
11289,55.9,South,614.9,87972916-74d4
10282,63.7,West,738.52,e5e79add-b93a
11932,19.7,South,627.61,11d012a7-ad36
10644,40.9,South,375.55,93162f53-9769
10858,40.9,East,591.16,581ab26c-8f3f
11843,48.1,South,575.22,a6ebe702-b0c4
11817,64.3,West,631.55,e1878e93-2b26
10075,48.6,West,593.82,48af7f10-2f86
11047,49.5,East,617.78,28f78d49-0e47
11823,63.4,East,231.0,c62f3461-d872
11034,24.3,North,681.19,81eb7abb-3f64
10097,61.1,North,386.55,0155aa51-ad8e
10483,63.9,South,312.75,ac249f30-c15d
11064,60.0,North,295.89,95162359-b8f8
10930,23.6,West,671.33,14fa7d50-1fd7
10870,68.6,West,211.09,13fc927f-ce35
11204,49.9,West,704.01,9594eea8-d8ca
10901,57.3,West,598.79,29b01062-4116
10992,58.5,South,776.02,8775cabf-6cdf
10932,45.0,South,758.05,f3aa972b-d136
10225,24.9,East,80.21,273ef6f4-be30
10624,74.5,East,270.49,249316b4-d7f0
10099,71.4,East,716.79,373058be-fa43
10004,25.0,East,100.67,0b704f97-f65c
11173,35.7,West,725.22,c80682d3-f351
11708,59.0,South,621.46,72f68fe1-a682
10182,63.6,West,340.43,e6766b0a-ad91
11107,20.6,West,601.93,a55ac92f-54cb
11448,19.4,East,470.78,8f31bf2e-6285
11956,53.3,North,767.97,8591a818-f3a0
11029,69.1,North,543.69,8827f0b5-09b6
10563,62.8,South,672.27,945d91a5-2b56
11652,48.4,East,351.35,0b840c50-0be9
10696,42.9,West,68.04,872491ca-c396
10526,23.2,North,456.33,490ccf97-5d86
10523,61.8,South,280.1,2b501ad7-a68c
10371,19.5,North,273.52,19474d1a-48f0
10845,68.9,East,331.63,1ef7a52e-67b5
10490,60.9,South,419.73,1d75f901-1f0b
10651,44.5,West,99.09,0766699f-77ac
11871,68.5,East,465.56,19fc8579-404a
10623,50.4,West,112.93,f7c90c89-bf21
11106,74.2,South,453.15,73a55d2e-0083
11664,44.5,East,539.79,2ad98682-1ecf
11911,70.5,East,498.4,a1d8507b-9008
10093,27.2,North,275.48,6e951719-a2f8
11810,56.9,East,526.38,b52f5f46-8bc8
10503,55.7,East,306.22,9979ba46-0820
11871,57.4,North,506.59,2c6cdb5a-fa5b
11561,40.4,North,640.48,abeed5b2-3f30
10722,73.4,West,670.6,5ba3a49c-5ab8
11718,61.8,North,143.57,3167d947-04cb
10453,60.4,East,560.42,b58dfc59-620d
10184,64.5,East,656.31,389d2267-fcd4
11981,38.7,East,419.63,9b24955c-03a7
10401,74.1,West,133.21,80155756-5748
11130,29.0,South,99.02,10a71298-84ed
11911,50.5,South,710.75,463a5bb6-0bd6
11986,57.5,East,560.51,e212f7e1-0100
11920,42.3,North,690.39,52b0147b-d052
10561,24.9,West,421.68,b8a1e477-180b
10569,70.3,West,287.18,6450dd3c-ab5e
10167,68.2,North,792.7,b08647e1-261d
11878,32.2,South,296.92,a0135044-0e45
10982,42.6,North,494.4,401ad5cd-3736
10969,31.6,East,674.39,d25697ad-7936
11932,22.2,West,623.07,a016db34-3fe9
10175,73.5,North,333.05,b1804803-414c
10126,70.4,West,91.09,6e8d0018-3422
11387,21.2,North,271.19,61a71114-3110
11264,60.9,South,698.44,9fbeffb3-e825
10786,44.5,West,709.95,9e85e4d4-ade2
11333,71.4,North,390.56,314674a6-3493
10025,51.9,North,494.66,d73d52ba-4080
11305,47.0,East,365.76,71d2e63f-7c7e
10281,63.4,North,145.76,95a340d9-b72a
10637,51.3,South,160.56,57c850b0-bcd7
11987,18.5,South,92.99,dbd3e865-d818
10704,29.1,South,530.42,1182e8e7-60f3
11367,45.1,West,499.82,f68b6ba0-9969
10857,36.7,North,390.73,0acd1ac7-7055
11884,18.2,South,569.92,36903edb-f624
11504,61.8,East,655.45,603bc183-ccf5
10377,65.1,North,322.11,12e00b9c-0f5e
11136,24.6,East,380.31,5c230306-0f32
10407,29.3,South,214.21,2c9de90a-7def
10365,29.2,South,682.16,e9204a24-0abf
11702,56.6,West,541.15,e2901d96-ad40
11917,30.0,West,230.11,cf3a9723-57bc
11927,48.0,West,708.79,10bc94d3-49f3
11807,70.7,South,193.76,5fcf3219-dbec
11302,31.9,North,622.31,965afd0f-969f
11617,26.5,South,89.94,cbad3916-40bf
11743,47.0,West,206.93,109b851a-c6b7
11538,68.3,East,423.94,76da3875-a4c6
11459,39.3,West,586.74,7eaab0a1-8963
11190,40.9,North,205.4,e51728b2-e777
11767,31.4,South,279.5,e3826da1-507d
11915,66.0,East,462.91,1582de78-e396
11062,38.0,North,398.94,9f021a19-da2a
10923,44.7,West,325.63,7f5efb6b-8bc9
10783,19.4,West,225.34,a535f9d7-b7db
11846,22.7,North,639.4,ed360bb7-3262
10242,22.1,North,459.52,5571276b-a892
10512,35.3,East,192.98,42d9c5d7-9954
10577,64.9,West,759.36,030b4532-4c6e
11772,40.7,South,592.5,35ba5e93-77aa
11056,51.5,West,591.88,761e6287-2bf7
10641,66.2,West,627.6,b2ac4768-6b4e
10898,43.6,North,331.03,20db4294-04f4
11023,64.2,East,304.87,6b4d3d1a-ce86
11562,62.4,East,294.56,c90d35aa-473c
10314,73.7,East,476.14,619e17ff-c801
10130,48.5,South,406.08,f6419405-9bfa
10190,27.8,South,74.04,7d15c353-5f96
10407,22.0,West,262.86,3ba878d9-23d4
10931,21.3,North,178.87,692e33b9-5066
10226,25.4,West,408.69,119a7396-69b7
10266,67.6,East,374.15,798b2f02-9ee1
11203,29.6,West,256.58,24877651-20c0
11688,40.8,South,444.39,e115d52b-eb9f
10947,50.8,North,265.93,74d082c5-984b
10800,52.9,South,361.29,6e9c92ba-c4f2
11865,55.6,North,345.16,f2189128-7ab9
11813,67.6,East,711.92,89a92af3-222c
11429,59.4,South,731.55,5e653990-35df
11033,61.7,East,357.57,2a32e553-6a2c
11036,20.5,North,104.9,bfeeb533-c326
10703,60.5,South,347.51,02bfaf1c-3ab7
11452,70.3,East,552.72,76d8cbc7-ec36
10139,22.7,South,585.19,700ea842-f10b
11680,33.9,South,177.94,19bb5bf0-969a
10254,48.5,West,176.34,45f3dc5a-e19d
10733,28.1,North,719.52,8844bc0c-e255
11426,20.7,North,342.96,4eee5680-1ad6
11225,18.3,West,625.34,edc72f12-bfd1
11861,31.6,North,62.03,03ba33a0-6261
11392,56.1,South,769.06,aa03081b-5587
10090,41.7,North,661.72,a0751372-6a0b
11913,48.9,West,140.6,36ba4918-b691
10662,27.9,West,540.49,03113626-6cef
10939,30.5,East,537.46,5e75788f-2279
11813,30.5,East,625.66,fd8fb938-57c9
10515,72.7,East,786.06,b241b95b-440f
10680,28.0,East,783.52,aa97435d-2291
10686,19.0,West,336.78,fd06875b-7718
10043,53.1,North,281.64,bce7e298-7cb2
11269,22.5,South,330.89,4beef160-4da7
10769,29.6,North,228.55,e098d2e3-44be
10569,36.1,North,440.65,fa41dd2e-93b0
11537,19.4,East,307.05,fd063a58-71e4
11245,67.7,East,187.66,a1396d49-2115
11781,46.0,South,89.08,fdf48930-688f
10257,23.2,South,227.23,140296ee-ef24
10637,27.4,South,233.69,3fbc75e0-9219
11180,43.6,South,253.9,c8028d0e-28f7
11947,73.4,West,333.29,7880adc6-d86b
11034,52.7,West,620.24,cb26a809-0a24
11560,39.7,North,619.14,ebe98dd4-4e3b
11132,59.4,East,335.34,4e4c01f6-9102
10768,50.0,West,103.95,782152e0-4f38
11876,28.8,North,696.24,5fcf5c22-cf21
11895,41.7,West,777.87,5f866c8e-faa6
10630,54.5,North,356.59,ebee30cf-c507
11909,50.2,South,622.21,f5044d15-b278
11043,58.4,East,572.34,a6a1cc2b-d91b
11506,32.1,West,75.88,d0290d6b-0e77
11428,55.9,South,246.0,ae5a5f99-8232
10506,52.3,South,59.25,c55e6efb-c4c9
10814,58.2,North,438.9,6c461d48-da8e
10517,57.4,West,489.56,bbe30fd2-2d80
10223,54.3,East,660.67,bf8ff33e-9dbf
10013,74.3,West,51.18,b241cfd3-d56c
11340,34.4,West,177.98,5fe92750-44c7
10405,45.7,North,388.0,d07a9518-5f0b
10411,21.4,South,656.88,311f5d4a-d14d
10902,53.7,North,701.27,2a873e02-9614
10175,39.5,East,98.2,3c1a8ce2-f86b
11377,61.4,North,95.79,fcd49681-3195
10432,47.8,North,331.75,7c65a804-ac8f
11237,42.5,East,561.39,660237ed-1d4e
11997,38.3,East,654.7,00ca280f-cdb9
11485,65.6,South,69.26,87d75309-7f40
10754,43.8,West,436.19,a904babd-019a
11306,72.6,East,62.47,71be0c72-f815
10819,60.1,North,311.25,628616f4-63e1
11458,26.2,North,145.9,cbfc721c-9a4a
11704,56.4,West,176.04,1d9d1d80-7b57
10498,30.1,North,129.1,077b1426-a72b
11848,39.9,East,215.28,b9b4c225-2e4e
11629,57.4,South,748.83,99c6207f-afbb
10772,69.9,West,540.44,3bbdf80c-84a7
10236,34.6,North,116.85,efed098b-3b72
11173,39.0,East,765.55,006e0070-1faf
11208,48.5,West,784.89,cbebb43f-71bc
10218,40.5,West,286.94,380a1bb7-e95c
10301,52.3,South,610.29,51f4a724-3f36
10560,74.8,West,523.31,37387270-953e
11442,73.1,North,785.86,5548f613-6bd5
11736,59.8,South,575.31,644d852c-5181
10044,49.2,East,366.83,643058d9-24c6
11081,59.4,East,572.28,64ce4589-4305
10662,60.9,North,687.36,b5a78756-ea41
11340,27.3,South,381.41,7b814ce1-4a26
10429,30.4,South,601.49,02568225-3432
11389,62.8,South,332.42,fb924354-5621
11896,21.2,East,780.62,0d6ed01e-ad4e
11215,42.7,South,520.23,676c269f-1167
10243,31.7,West,277.02,bec5715c-2de1
11592,44.4,West,256.41,a737d19b-bc11
10023,24.8,North,141.54,399557cb-f580
10560,57.5,North,645.76,2e5c58ad-f7e7
11320,58.1,East,478.57,1974fb71-2082
11461,69.8,South,354.0,b363d272-c99f
11138,64.6,West,97.95,a6d5dac6-6a38
11977,55.5,North,185.5,2e106355-e4fb
11639,35.9,North,146.61,29451370-8376
11743,60.9,North,784.95,8192ef8f-ba24
11978,49.0,West,782.83,a87d21ff-7f26
10615,20.6,East,544.37,71e64bce-fb1b
11423,35.8,East,504.63,82b60c8e-32b1
11357,64.7,South,77.55,24444f64-6e30
11960,25.6,South,493.84,470367f7-d812
10152,49.3,East,336.34,e75641e0-ccd4
10934,22.7,East,557.39,3429ce3b-89ee
11296,57.7,South,585.83,29feba14-4e96
10647,74.6,West,334.21,3f5c022a-8a4d
10255,48.3,West,99.47,a3e2ac17-b9c3
11862,37.0,East,159.75,cc501bea-8c1b
10020,23.6,South,333.97,ecf678c0-59f9
11078,59.5,East,491.62,ce8a5306-30ea
11083,37.9,East,463.66,9b82f430-188e
10349,36.1,West,185.5,6714272a-4151
10530,18.5,South,543.17,248607c2-88e4
10108,70.4,East,580.63,9bd3f580-ea63
10374,43.0,East,648.85,8092189b-8d38
11950,42.4,South,278.89,dba0bdec-9c7f
10832,61.9,North,526.01,17f85f5b-1d65
10173,60.4,West,656.26,f2ca2002-45d9
10982,46.4,North,354.1,9dc4f583-03bb
11462,42.2,East,233.17,9bf41cc6-e5b5
11975,27.6,South,181.11,0d08367e-fdb3
10776,27.7,North,303.47,add71599-3c58
10594,35.1,East,248.56,64c46086-9c11
11902,71.2,North,751.56,d92d9519-1d70
10728,18.3,West,296.41,5a98b715-02a3
10716,68.7,South,351.55,0244e4d7-dc92
11007,29.3,South,358.04,e9c184ce-0389
10318,61.9,East,219.57,65363c77-993b
10746,42.4,South,452.32,44fcc054-e08c
11344,65.8,South,154.91,bf415c98-02f9
10735,68.4,South,133.0,48ef30ff-4471
10808,42.0,East,725.75,440b71a6-d799
11001,49.4,South,293.67,e1bb7399-c717
10269,24.3,North,644.53,2049a289-b030
11024,18.8,South,89.03,d4701dd2-dbfd
11999,52.0,North,375.75,4a1a7c2e-f8cb
10169,61.4,South,513.21,2fd6129a-8ff1
11570,24.6,East,795.69,d2137565-6596
10970,58.3,North,575.86,2e625a6f-4c25
10469,24.9,West,78.77,fd8ac696-4adb
10873,19.0,South,118.2,0d0b6920-d089
11075,35.5,South,216.33,6d134ea8-1f69
11044,42.3,North,278.22,44ed4fd5-8fa5
11931,38.0,West,235.23,e525aeaf-5d0e
10083,18.0,East,208.98,78d8cdd6-3397
10882,28.5,West,322.69,4dea5200-319b
11370,18.8,South,298.41,5f20ac06-8d48
10430,51.3,North,715.4,1ecf8aec-6180
10395,58.2,North,106.16,57c8294c-f2ca
11558,29.5,South,82.86,3113b13a-814b
11825,68.0,East,721.18,b7a2ab33-df4b
10138,45.5,North,175.2,f7ad3965-944d
10093,72.5,North,645.79,b19d1860-cb84
11013,57.0,North,174.14,c784ef4b-cd3c
11243,33.5,South,52.7,9267e7e6-0489
11800,70.9,West,427.86,4242fc5c-70cf
10606,58.4,North,178.33,3cfbc642-1403
11309,26.4,East,745.44,ca6628a8-7f7d
11686,30.0,North,51.05,5e7e00e5-2a9f
11938,58.2,East,591.56,9c8a1631-a636
10117,53.7,North,667.95,f71925ae-5a7d
10524,73.4,North,591.95,b0285484-83c2
11781,53.7,South,662.64,387bccda-899f
10417,51.2,West,166.73,b9ede33f-bcbe
10303,69.4,North,421.97,759a9725-5a2b
10386,50.5,South,535.67,05635b30-536a
11812,28.1,West,565.53,3016cecc-497b
10147,42.3,West,731.85,f86b2e95-3351
11483,48.0,North,502.47,60bc6cbc-0a9b
10225,65.1,North,149.13,c5266dc8-890a
10292,71.5,North,644.3,caaa4685-ad41
11746,58.3,South,154.42,e473b0b0-5387
10629,36.9,South,232.86,8b2a3730-0adb
11689,20.5,East,126.92,6a5018b5-009e
11868,30.8,South,370.35,25ba7795-92dd
10462,70.5,West,565.07,e6d037c6-fbcf
10347,74.5,South,126.3,f4b28643-b6f1
10156,53.1,North,320.37,26aeaf29-db75
11086,37.1,South,559.57,d14bc771-b25f
11792,23.9,West,546.3,eed15809-2719
11615,18.1,South,633.34,2586dcd1-4ba9
10799,43.5,West,660.99,ba098484-4a11
10185,36.4,South,186.4,62908017-a37d
11012,42.2,West,501.31,a2f87dea-46c4
11642,71.8,South,337.39,8ca17f75-fc36
11090,48.6,South,338.47,bf8f81ea-2cac
10481,38.6,South,795.43,04643f52-f2a6
11961,25.6,North,94.68,596ed71c-4758
10603,44.2,West,231.87,d3ec2149-1c9a
11529,25.9,South,333.1,f7048d14-be4d
10110,58.0,North,407.62,287e09f1-4b34
10748,26.1,South,107.8,d04f6197-4ca7
11567,28.4,South,611.08,4cac895c-d2b3
11479,37.2,North,265.08,27e83b87-1071
11237,60.8,South,58.15,d52a85c8-e899
11134,58.6,East,739.36,807ab658-7462
10867,71.1,East,779.84,858117a1-4011
11521,30.1,North,214.18,d77a80b8-efd6
10977,35.9,West,670.44,2a31edfd-be32
11324,42.2,East,131.3,13eb4358-abc2
10057,31.7,South,456.18,10b8c1c5-059e
11549,69.9,South,463.77,084930a1-89d0
10174,73.7,North,472.8,ca4c3b4d-1763
10098,35.9,East,56.36,31e3e608-c802
11486,38.3,South,576.99,18ede297-d087
11836,60.3,North,426.63,c66a5821-0c20
11202,63.4,West,489.77,da1e72b2-948a
10330,26.6,West,109.06,a03e7003-7690
11811,30.3,South,626.62,5766fe0c-432c
10694,34.6,West,80.01,aed0cbcf-7a6c
10427,74.8,North,768.51,fe914b95-31df
11648,18.9,East,460.35,16509f14-302f
10931,35.9,East,171.1,5d0314d8-2daf
10145,28.2,West,243.46,e06ca678-47e8
11924,25.1,West,79.69,dbe7a333-cd47
10837,66.8,South,380.62,504b10c8-2abf
11397,41.6,West,247.12,aebbf69f-1d36
11517,63.1,North,165.92,1af4cf72-c06b
10324,50.5,North,217.29,dfc8e060-2fdf
10714,44.6,West,131.84,6ee095d5-cd94
10673,21.7,East,797.33,7c7dd490-f3d3
10234,33.9,North,458.81,f2d31a65-4a80
11311,30.2,North,790.86,c632554b-1ff2
11917,64.1,West,783.92,36a2bf69-6c48
11777,19.3,West,252.39,a2bc6715-2acc
10290,21.9,West,111.28,e4a07521-5e3f
11700,21.1,West,306.51,c0d02553-543d
10406,37.9,West,411.22,c8aae0c8-dfa2
10726,70.0,West,667.26,32d4d3a5-4a0b
10663,55.9,East,60.64,e58118d1-4b83
11022,67.3,North,644.01,ac87ae14-868e
11066,59.2,West,757.49,db75dada-e60e
11308,73.3,North,77.36,300a491a-550b
11230,39.5,East,207.32,f481b9cb-bd92
11666,38.7,East,722.49,de2565fe-ff8e
11328,74.9,West,357.79,8adf1e46-abf1
10232,70.8,West,371.29,984ad463-df2b
10781,34.2,West,525.58,d655005d-2de5
11330,18.9,West,127.76,8b73aba7-e361
11030,51.1,North,550.78,da095b0c-6c7a
10456,62.3,West,135.88,db394550-3fb6
10718,73.2,West,359.7,bdbc34f8-03e4
11924,39.4,South,430.67,a89f5f9d-9d63
11717,69.5,West,554.98,e8b81813-10ba
10031,19.5,East,680.58,5145c6f8-5740
11964,50.6,West,231.37,f936a968-62a4
11262,54.7,North,651.0,93ee36ee-41fb
11923,54.3,South,352.34,288fc36a-7641
10203,58.5,South,428.19,c8c6a8b1-853c
11714,49.5,East,202.82,17e03df5-dff5
10023,53.8,South,70.86,61e548ca-42d7
10929,54.2,East,189.92,38c4f346-633d
11096,65.9,West,627.79,a8c51cca-8cc8
10169,71.3,North,528.79,1a79aec1-eb12
11898,52.0,North,156.38,2e3d9de2-279e
11012,66.1,South,343.1,059ef8d8-25ab
10996,72.7,North,207.72,6b7f0864-a08e
11297,69.8,South,184.85,080d2370-af84
10710,45.6,North,168.79,bddfd7eb-3e41
10394,52.5,North,438.5,c2ce56bd-6ebf
11775,38.8,South,72.12,2378ff44-2ab9
11490,57.4,South,250.69,7b487db6-2f16
10713,58.4,East,400.28,cf1b6490-df43
11049,71.9,South,237.57,b7a745e2-c920
10210,51.3,East,174.24,b8d8f272-ddef
11808,43.4,East,661.92,9f7717ca-c41e
10879,29.4,East,330.47,1073c0c3-55a1
11821,19.9,East,490.15,5a2d465b-0f54
10234,28.3,East,372.04,2f981e44-7d9a
10148,30.3,East,328.97,c78e4415-3e9e
10019,36.2,North,587.6,36b9ca35-a4a3
11840,31.3,North,339.19,9a0fb0b8-6f57
10210,50.0,North,480.46,a571f542-ded3
10650,64.4,South,197.84,cd7f65f6-ff4f
10095,74.4,West,139.44,73e9b99b-a75c
11210,39.8,North,263.78,fcea9a96-ec6d
10582,25.5,West,77.76,870b230c-acbe
11320,18.9,West,121.34,cd7182b4-9a1c
10562,36.1,East,350.26,502c36f1-1819
10805,35.0,West,420.0,e914ae70-bf70
11920,53.2,North,218.01,d3511e95-4708
10215,74.6,West,219.76,16884399-bcdd
11671,69.5,North,750.58,de36390a-84f5
11809,62.7,North,86.0,4de5f4af-8707
10674,57.2,West,252.43,75f006c0-40a8
10653,67.1,West,527.68,ab117736-7b25
11183,45.2,West,782.26,bb19f0fe-73a0
10188,33.0,East,583.54,db19de67-27f1
10153,73.4,North,209.36,aba5d1c9-efb1
11676,39.9,West,128.4,dbc3f559-9fa7
11451,43.9,South,685.86,214ba540-ba2f
10789,73.6,South,635.02,301db817-8e40
10866,27.4,East,763.62,1a20e3ba-ec02
11794,24.1,North,230.42,e4e39c20-5fc2
10546,19.6,West,313.97,8ce0bd8f-b577
10883,30.1,West,426.64,82077e01-1b37
10903,33.5,North,86.85,ed92b753-634b
10602,28.8,South,495.54,6efe2368-1988
11323,32.2,North,214.68,442441ec-21b6
11089,23.8,South,711.95,6791346c-c928
10207,30.5,East,421.38,341d85cd-9373
11445,52.0,North,120.68,3d162ab9-a156
11395,22.0,South,299.12,74890e8c-0685
11364,45.1,East,65.62,f9705e4b-2769
10349,56.7,North,495.5,f833dfa7-0083
11000,67.8,West,132.04,d1a529db-94d1
11710,31.0,South,616.24,c67736bc-3332
10623,63.8,East,389.46,bc1cd60d-83c2
11358,45.7,East,394.06,d3e763d1-9a2e
11454,37.0,West,134.57,054e6210-d215
11753,30.6,South,317.9,07e95e6d-dc87
10736,29.8,North,195.38,f46eb787-3742
11977,33.6,West,790.5,2cc9abb6-b29b
11818,36.9,West,758.95,46b821c7-6192
10084,51.0,East,675.63,1f7a63af-e8f9
11160,73.2,East,266.31,f82f2dc3-ff73
11898,57.1,West,560.69,29a099de-f941
10590,21.7,East,61.69,0a7be6e7-90e7
11690,51.8,North,416.27,014d9829-b45a
11352,65.5,North,238.58,454a8e82-64b9
10884,51.4,North,268.1,083a1c27-b592
10509,64.3,West,366.92,4f8c61b9-df23
11390,67.9,South,562.49,3312de73-4579
10852,49.6,East,278.75,2ef17a90-dfb0
10196,25.9,West,570.6,5b88fc72-b558
10875,44.6,West,395.96,c44b04e8-2d46
11547,26.0,East,639.97,5f843666-9631
10109,61.1,West,144.45,ab8a5015-ecf5
11653,61.5,West,679.4,15ac37f0-8a54
11699,74.2,North,300.11,0f94d562-1b25
11436,29.7,South,471.54,f79f8fa9-45d6
10457,69.0,South,275.67,b01200ab-3abb
10137,18.0,North,439.87,3f48e5f0-350b
10970,19.4,West,343.04,ed113faf-998f
10828,45.6,South,665.2,8bf5caed-e0d5
11759,55.5,North,374.27,a2ddd15a-5e9f
10290,64.7,South,178.08,8bf349a3-f3cb
10983,34.5,North,769.32,7e32e5d0-8ce4
10801,40.0,North,397.97,d0411dec-4bdc
10057,34.2,North,473.16,4d81c859-e392
10087,69.8,East,772.1,b91ace28-8dc6
10018,74.0,East,425.48,35f5afea-c7ff
11050,21.6,South,313.9,56dbc7ac-47b3
10570,62.7,East,742.61,7bd6b0b5-f189
11240,55.6,East,147.07,675db93b-1700
10060,66.6,South,223.78,aa4e8b03-ffb5
11913,56.7,East,619.93,3c92f1ab-5916
11491,68.9,West,741.78,401fb5a6-1328
11734,60.7,West,622.51,d736c320-591f
10657,24.1,West,333.22,3321cbb0-8147
11005,42.9,East,219.12,bdfdcc7b-de3d
11666,48.1,South,114.51,18a0f6c0-1104
11658,26.0,North,319.67,126c4e50-5ee0
11397,59.6,West,192.6,d3dc00ee-b447
10730,53.3,South,651.2,705a501c-c092
11789,22.0,North,145.39,846a4a71-33aa
10241,46.4,North,501.12,54b728fa-72b2
11682,71.6,East,342.82,5b9facde-50d3
11982,34.4,South,689.9,800314a8-cc66
11266,21.2,North,487.08,fc24a159-0f59
10066,37.3,East,200.38,0f344fe1-6891
11120,64.6,East,743.13,e0d65081-78a2
11010,22.2,North,309.38,edeac5b8-f521
11938,25.4,North,128.05,59aa7cd5-f487
10621,62.5,South,66.08,0e2bd8c9-6470
11094,52.7,West,561.46,bce88f22-f6df
10106,40.1,West,571.58,2344ec54-e03b
10241,69.1,East,313.84,57d714f1-1da8
10487,31.2,North,220.34,916ba250-07a0
11788,59.0,North,107.46,207073f0-5c76
10578,20.5,East,501.81,e3f2df80-95b7
10265,52.5,West,543.19,a8164d18-271b
10512,71.5,South,421.2,3864bf75-9afd
11928,38.9,East,701.73,e49a3cd9-a341
11429,48.9,North,90.5,e6824710-f8f0
10572,22.5,South,681.07,855fecc6-9c20
11519,49.5,North,329.29,24579251-785f
11430,43.1,West,764.78,05733d10-1148
10553,33.8,West,275.31,f710900b-1e93
10571,66.7,West,421.52,dcdeadc8-c4f2
10909,20.5,South,334.5,a8f0e3e0-1ac1
11352,35.4,East,752.92,07001750-de3f
11773,42.4,North,655.55,8da4afbe-9328
11758,74.5,West,367.88,4295f5c9-c338
10957,60.5,South,148.9,03e30f78-8c7d
10175,74.9,East,303.15,650495b5-8c6d
10740,33.3,East,636.82,9ba5d58b-3fa5
10628,50.4,East,677.0,d8fbd542-e33a
10947,19.0,North,399.83,f7444596-f5dd
11306,66.1,South,356.46,145d2f7e-a0c8
11952,21.7,South,243.51,c96782fb-84e2
11779,46.2,South,522.75,0cb140ed-3a98
11340,20.2,West,484.92,b7a4c108-1f22
11949,58.7,East,781.46,d972c236-16e7
11229,31.4,North,108.11,719db54f-27a7
10485,29.6,East,671.85,ae5714e8-248d
11314,42.3,East,157.31,c9c52567-ab83
11997,41.3,East,403.01,f9375fff-0ff3
10328,39.0,East,747.73,06897b1c-6c47
11654,35.8,East,754.95,952aed00-4cd6
10780,61.5,North,766.38,fe08a540-d60e
11103,59.8,North,505.33,8534bd76-a245
10551,29.1,East,733.3,5424aae4-b953
10472,44.0,North,569.8,68f0e5f2-28cd
10720,49.9,North,735.98,a740a142-75f0
10919,62.8,South,477.01,89a1321d-d0b3
11380,51.3,South,504.16,cbbd3732-aee2
10642,24.7,West,365.77,fbb61ff7-fd07
11295,68.2,South,724.9,e05c1fb9-07f1
10341,24.9,East,624.13,19dad534-1172
11707,42.6,South,792.45,eb2ae08b-d83f
10725,25.3,South,583.99,1e78ba02-ac5c
11211,52.7,North,795.6,0b94b2ab-b5bd
11945,43.6,West,523.12,6f8963b3-f447
11433,25.7,South,592.78,8266557c-4df4
11834,18.4,East,555.43,741a5b09-a410
10898,28.1,East,758.58,18ce58d1-983e
11010,37.4,West,263.94,62524390-5b59
11952,26.2,South,372.9,507a61a9-b1d7
10583,27.4,East,255.39,705cd91e-56b1
10590,71.5,East,791.6,c0e354e7-769e
11364,33.9,North,205.13,c13ed0d3-0e00
11225,69.4,South,55.0,0699576d-6802
10577,71.7,West,599.07,85594d77-e85e
10604,70.3,North,383.3,6ea8fb32-86af
10177,67.3,East,598.73,cb170945-2611
10669,26.9,East,257.08,c6ec757f-a12e
11827,70.7,West,125.33,8573b517-617b
11723,49.8,North,761.89,a095c0d0-7de8
10280,51.4,South,555.01,43e9c94c-4d88
10992,64.4,West,261.95,e0389eb7-6daa
10006,42.8,West,468.3,2d98f251-d618
11408,33.0,West,523.27,5944a69c-5c31
11797,35.1,South,706.28,ab00764e-fafe
11631,53.9,East,457.56,4ba0768a-7017
10230,72.9,East,364.7,7279ec9e-7eaa
11356,42.2,South,398.55,1d10b6f6-cbd2
11443,25.3,West,680.09,dd2fb568-d2f2
11407,31.4,East,250.94,68b49b00-a579
10535,56.5,West,343.53,7123bc96-cc1f
10533,70.0,East,414.13,380cfd3d-175c
10631,43.5,South,479.38,a012c6c2-a8cc
10264,52.5,North,762.71,61127927-aaa4
11868,38.1,North,541.2,84c62e4b-b964
11096,29.3,South,678.61,b7c315a2-9493
11641,27.2,East,298.63,bbbbcccc-06fb
10073,66.2,North,426.12,ca957c2e-15a6
10321,34.1,North,222.5,3f4fa031-8b7f
11535,25.0,West,541.46,15bd18ba-25d4
11033,59.2,West,65.12,eb41eac7-30ec
11507,51.5,West,195.71,52dfc152-0bff
10618,33.6,South,124.76,9381ebb3-c0cf
10596,42.5,South,775.16,8f9d7375-f779
10582,69.7,South,336.81,fe3f5662-c98b
11948,39.2,North,389.2,065f5046-76d7
10915,39.1,North,532.11,551a7dcd-2ad2
10195,50.0,South,698.62,3ffdf8f1-485c
10825,53.1,West,442.55,c2b579c2-1e2c
11571,46.1,West,283.59,268e81b4-a494
11411,50.2,West,703.57,7ff3e818-78b2
10659,44.3,West,435.82,1ae427cf-27ae
10769,25.3,North,171.57,bf86ad63-5517
10404,42.9,North,79.3,6c9734c0-5768
11282,63.8,West,154.9,6b0bb457-04bd
10607,24.7,East,589.96,e3b93a34-54f6
10289,34.5,South,652.11,9ac1ad69-f1b8
10947,30.0,East,745.31,22a597cf-f29f
10020,36.1,South,162.76,fa1b1bac-9fa9
11436,28.7,North,453.3,54beb7e0-1f49
11279,44.7,South,100.08,e222c775-b09e
11287,18.8,South,255.94,de3b5a64-9c8b
10752,53.6,West,750.73,33dcd09c-4e0a
10210,59.6,East,183.74,904c01a1-40df
11632,47.8,West,297.62,793130ce-5611
10005,62.7,South,118.5,25807a2c-5463
10973,67.9,East,108.34,f84791e0-4621
11047,64.0,West,548.63,53bc20e0-3c0e
10493,49.9,West,630.44,b4cc7214-b5c1
10638,65.8,East,448.01,d799d80d-550d
11936,54.1,East,583.51,d7021edd-e21f
11003,57.6,East,564.03,59225b53-0cf3
11773,38.8,West,628.06,6c905f13-61c8
10783,39.3,North,196.88,31e43850-9eeb
10672,23.4,East,736.86,45e526e1-8cc6
11314,45.3,North,796.8,b44aad77-8c60
11280,21.3,North,697.39,ed758b74-e8b1
11004,27.9,North,78.65,bc775a20-4367
10169,41.9,North,92.04,0ff48fe8-31e8
11756,49.0,South,541.33,bcc9c2e6-aa53
11714,56.3,East,723.3,aa1c5dca-d52f
11715,56.1,North,98.72,8063fce4-8884
10171,27.8,North,256.64,8166356c-588f
11301,60.6,North,283.37,8f80d1ef-3c45
10699,44.6,North,474.64,7687853e-3b86
11880,23.2,North,189.24,f73c6a1f-56b3
11615,18.6,East,395.26,f1780077-9d95
11714,56.8,South,610.56,bcf4ced1-9ef8
10109,39.6,East,183.5,50c74b31-73b1
11710,28.7,South,182.83,4b80afa6-e113
10541,23.3,East,484.02,d4ec494f-12ce
11944,65.6,West,166.78,9197107c-de22
10710,54.8,East,205.59,cb56eb48-2e77
11051,62.1,East,213.69,42c6cc42-3b08
11058,55.5,South,406.41,52af891a-c17d
11348,51.5,North,291.78,e6a98352-5147
10863,45.1,East,535.91,19a7361b-b74c
10627,27.3,South,614.03,9dda4e36-deb4
11496,40.8,South,239.43,567f3096-cd63
10614,20.3,South,622.38,81c82e2b-d78b
10872,62.1,West,494.81,862a76f2-4772
10266,55.8,North,777.74,c40cfbde-b134
10939,40.6,West,50.63,25c1f899-5819
10617,35.5,South,227.14,340ce8c9-2e2a
11483,31.9,East,53.71,28c9d68c-3327
10964,49.3,West,574.08,e9af6d28-c0a9
11702,44.4,South,622.29,1887fa69-41cb
10651,61.5,South,349.91,df683491-c9a6
11093,22.1,West,552.41,06e2ac94-5b37
11572,31.4,East,304.89,d2bfbc31-cbde
11873,22.4,South,153.56,301ed689-6c26
10618,42.8,East,338.05,2e0c5488-4d2e
10583,35.7,West,76.12,6bf6f2f7-53bb
10815,56.9,North,398.69,1527ed08-33eb
11343,67.2,North,170.66,81c8d068-e8cd
10023,45.7,West,366.84,0df473bb-d997
10529,60.3,North,502.73,5d679515-5b90
10868,48.3,West,702.74,147b7a33-038f
10690,72.0,East,198.21,747a2ecd-18da
10951,34.1,North,700.92,75d2fda9-19a3
11821,52.2,East,239.25,d1b51519-88d3
10366,34.7,West,63.14,531b1e76-123c
11220,24.4,North,448.45,656e5170-59b8
10172,48.5,South,595.09,a2070bf3-dcb9
11828,33.7,West,566.74,755afc3d-272f
10668,39.2,South,507.02,19e32dbe-2853
10691,70.9,East,366.9,05baec78-8382
11477,55.2,North,677.64,cc884185-bf9b
11174,45.0,West,256.09,2f8aeb01-176b
11238,40.7,South,558.66,45ce5149-d07a
10424,19.1,West,542.91,46573d38-ecc5
11226,63.0,East,122.86,398e1dc0-a633
10452,21.6,East,596.12,98610b0b-c730
10974,71.0,North,307.21,51d41c6a-e386
10310,44.3,West,207.98,b29e2126-c7b6
10523,41.0,North,523.54,58658721-6a44
11531,74.1,East,278.02,c03832d0-e72a
11381,44.6,South,518.65,6e78cd59-0bfc
11538,73.5,West,792.26,899fad03-c1c1
11243,72.1,North,122.73,37e2dc86-38a4
11168,34.5,South,625.16,fa98f602-d129
10720,60.8,West,725.34,4764a956-b9f2
11290,24.0,East,426.73,8852787c-7340
11759,41.0,West,264.71,ecaf549e-505e
11892,67.8,West,266.31,e8438f65-c446
11188,55.2,West,357.72,a2ec377a-72c9
10283,52.8,North,499.68,bb6e0d06-0bb0
10665,52.8,South,476.98,5ecbb693-c757
11130,47.1,South,687.73,295026e5-bcf5
11480,67.9,South,404.13,33252134-43ea
10600,21.7,North,205.26,760fdd95-7d76
11400,52.4,South,647.57,f909c46c-38e9
11645,52.4,East,704.06,e8ac4518-7d5e
10946,59.2,North,55.16,ad478200-f0bf
11765,40.0,West,768.18,898f3586-0c25
10898,45.4,North,269.72,c4cd8e19-ba0c
10818,58.8,West,371.44,1fc23099-4abe
11734,33.0,North,591.5,5dd09e34-adfe
10290,70.0,West,207.56,18dd3aea-25ec
10938,69.3,West,614.38,c1c97ab6-af54
10604,57.3,East,640.53,b3167953-8cf3
11217,20.0,South,161.02,49d693b1-7129
11802,39.1,East,585.35,b74112a5-9c07
10973,58.6,East,165.83,20e8dae1-95ac
11759,39.9,South,71.0,4d8e8fdb-062d
10531,38.8,West,407.73,e666a9b4-b03c
11318,26.9,East,442.5,ed13bac8-5697
11783,47.9,South,413.0,613f50db-2127
10701,30.8,South,218.23,ca0de08e-64d5
10730,46.4,North,679.98,33d9014f-10d0
10816,53.7,East,430.56,cc445778-e4ad
11160,47.8,South,242.05,bd4ba9cd-7d7c
10467,57.3,West,183.07,4708b42e-6149
11501,65.3,North,729.61,4d81bc5e-6a5b
10466,31.9,West,398.2,c80aa7cf-a341
11617,54.1,South,408.72,71203b7a-f3ba
10404,23.7,South,498.72,e7ad595b-e2a1
11592,54.6,West,794.18,454f6d2d-5a62
10673,46.9,East,763.58,4cb50736-7f7f
10698,33.7,East,519.44,2ea35df6-0356
10653,68.9,West,421.84,2dc58521-dd31
11378,35.4,West,306.82,d29323e2-631e
11594,24.2,South,209.91,8074a1ed-a3d9
11569,48.2,North,563.56,ac00cd5e-a5c4
10320,28.9,West,639.36,da341653-5073
10666,72.5,West,540.12,c9eb6e3c-89ec
10468,71.2,West,750.75,d59dcbfa-bdd8
10296,35.5,East,671.92,50ba8edd-9db4
10871,50.1,West,54.25,f0a30219-1c51
11983,41.3,South,781.24,c45d4c03-09f9
11676,58.1,South,546.54,418495a4-bf38
10048,36.3,West,294.26,80c0e667-8c44
10218,22.2,South,294.11,a8cfa238-f95d
10511,34.0,West,94.49,57baa888-bd28
10897,70.6,North,403.88,12f0ed7d-d3da
11688,26.7,South,492.36,92f77072-2d0f
10897,32.0,East,467.51,d13b3a4d-0b30
10287,62.0,North,703.04,bd32ebda-b8f3
11853,62.0,South,188.11,77e43d33-ebee
10741,37.0,East,241.52,05ec647e-3d06
11315,41.4,West,654.55,cc5015cf-1edd
11869,74.4,East,62.15,cc5bf684-fbe8
10578,50.8,North,600.83,90b7f26f-3983
11089,27.0,North,480.44,af178dbb-8dc1
10953,43.7,South,537.83,12b1d17e-adfb
10929,48.1,West,717.05,4b37617d-c7a7
10038,18.5,East,370.36,aa57c6e4-b594
11829,68.2,South,191.64,25f5ed6f-9df1
10371,23.8,North,634.6,8a426ff0-2376
10670,67.6,South,543.63,33a2b47b-539a
10868,74.5,South,752.23,5af7dfe2-464d
11797,69.2,West,142.33,f2b1068a-0d04
10909,67.4,South,335.31,72624be8-cc61
10406,29.7,West,492.66,1fe9048d-59a6
11037,70.1,North,172.16,35aad597-fa6c
11516,52.5,East,361.35,81c4dda8-f4b9
10522,47.0,West,62.11,6b8608d1-333b
10726,38.5,East,677.4,4cfa4f8a-2b3d
11332,54.7,West,706.96,f6d811ef-a583
10092,26.0,South,183.02,025fc70f-4fbf
10287,57.6,North,95.89,cd68cb39-960f
10761,53.2,South,364.43,ab2dd056-baea
11800,70.7,South,72.49,343e623f-ceab
11280,39.3,East,516.44,069ccc0a-0e97
11820,44.8,South,735.18,8673cf07-50fb
10205,18.9,South,119.09,fcfa1e61-398d
11983,45.1,West,692.11,8966f42b-44d0
11754,52.4,North,283.57,e7235658-41a3
10661,55.4,East,767.68,18ad8eeb-fc50
11533,65.4,South,144.37,83c59c14-4902
10461,55.6,North,587.95,9d719800-7fe3
10463,32.3,East,296.47,f9553aad-8890
11556,69.3,East,366.52,a94485e0-1185
11531,69.6,West,523.91,cb505aa3-5d45
10029,26.1,North,676.53,3ce26218-cb24
10660,18.7,West,412.88,5809f249-cfb2
10925,74.6,West,515.98,8bbec119-3c52
11525,33.9,East,302.94,e47ca3af-82b4
10698,64.0,West,629.01,db30ddad-8696
10129,62.6,West,531.72,20507d45-7449
11996,44.1,North,140.21,b67333e0-40aa
11788,37.8,West,377.12,813592e7-cb8c
11679,71.7,South,156.28,ae3a1f32-088f
10406,59.8,East,444.18,c7a9ff30-180f
11638,48.4,South,570.27,2ab05af8-5147
10205,56.8,South,682.43,9c130aa7-6786
10570,20.8,West,272.37,f8d592a7-f3fd
10958,36.3,East,50.27,4fc55e4c-2235
10121,61.0,South,157.84,d28b829a-7c24
10801,62.8,West,343.25,3180c811-b368
10144,30.9,East,155.33,66c4ce9b-4dbe
10421,43.3,East,620.44,789a9f00-e065
10611,64.9,West,165.26,b8525de3-8b51
11944,74.3,West,678.48,416553a1-eedc
10872,51.3,West,618.84,1a617efe-b9a0
10494,67.6,West,677.53,f6972fbb-d7e5
10116,54.4,East,681.74,bb815c56-80da
11311,46.9,West,550.23,5b4e279b-069e
10207,58.6,West,232.06,7eb6c0a9-de16
11363,33.1,West,470.5,61f13c8c-3731
11209,65.8,North,481.72,c39783ae-b8ad
11188,56.3,West,661.46,0a349670-e167
11745,44.3,North,755.15,c712cf67-0d20
10442,50.3,North,522.89,5436deb3-95a5
11885,41.5,North,596.79,40e64eed-b027
10721,73.5,South,257.47,c8a134aa-a626
10938,57.8,East,626.46,291c9094-a4cd
11516,40.9,East,635.73,16c02601-b41f
11262,48.7,South,287.4,4e4b36aa-2e4d
11309,41.1,West,529.61,c1ae35bb-6780
10542,66.8,West,312.95,ce4f4c66-b911
11545,27.1,South,292.07,1c89fe3c-9efd
11861,46.8,East,617.58,89cb09aa-cbc2
11266,57.7,South,120.02,a9c6d4e3-86d8
10298,58.8,East,347.57,ebd795f5-350e
11730,72.5,East,510.07,f882c326-a5cd
10460,43.2,North,234.43,fe20193b-0d7e
11012,30.8,South,234.01,39d02b29-6e93
10297,18.7,South,773.44,705f052b-626d
10844,28.6,West,520.44,faa855a6-85e2
11447,63.4,East,652.57,43787e6b-bd8e
10746,69.3,South,290.12,5b693697-44dc
10658,67.0,South,646.67,94369f5d-3178
11878,62.7,West,451.52,3955b110-89cb
11176,65.7,West,514.1,6fa9c57c-57ba
10045,49.9,North,721.88,b4d0aaea-20a7
11396,38.2,East,477.32,ba4e832f-fb4b
10882,58.1,South,789.65,73bd980f-9bfc
10676,31.3,West,158.17,9c0e6192-b779
11203,24.8,North,510.39,879f22eb-5289
11500,29.1,South,676.8,edc78d7b-3d2f
10679,23.1,West,480.5,6856c822-f2e5
10283,66.3,South,121.9,5aeb90f6-dc58
11800,32.4,North,188.42,66c3f832-740a
10719,74.2,North,304.79,c076f92d-83fa
10041,68.1,North,786.51,5f868f8b-5647
10003,72.9,North,53.5,627f34eb-0e28
11638,69.6,East,694.52,f4a985b0-6080
11303,53.4,South,451.41,f9cc596e-31a5
11786,56.9,South,499.79,92f0ae83-e1a3
11446,66.2,South,430.5,71f27f0f-13da
11915,48.6,North,655.4,4a9b37f0-b2b7
11398,28.3,South,725.17,7f660f24-4f7d
11255,70.4,West,746.45,8df1363a-ad3b
10504,38.8,South,770.29,7da2fb48-cefe
10085,38.4,West,658.18,85147bc9-a41f
11867,48.1,West,617.69,a4a8a844-90ab
10656,25.7,South,269.72,a057c558-cef8
10891,39.5,West,67.88,1ab49e05-f7dc
11248,40.2,West,794.22,c54f447e-1c38
11080,65.4,South,760.08,8af41753-a097
11513,20.7,North,85.41,4d8ddd2d-6060
10720,73.0,North,667.81,d96688c9-bddc
11394,57.9,South,123.99,f330dc59-7171
11459,36.3,South,421.46,9ceeaf74-1728
11888,39.7,North,743.23,d4d05762-5aa7
10798,65.1,East,738.19,66e6c48a-4fd5
10290,52.1,East,711.46,a04e03d7-68e5
11925,68.1,East,356.9,029e435d-d3c8
10772,33.9,South,662.54,7cfbc186-0557
11283,57.5,North,572.0,72fa10f7-7229
10144,54.3,North,169.19,ca8b6e4c-220c
10375,48.6,South,757.63,65f0bb99-92a8
10583,66.8,East,131.37,1e910b71-677d
11946,22.9,West,200.59,092351d9-f527
10223,24.4,North,674.82,2f39f8c8-2282
10495,42.8,East,378.58,248bd5aa-1504
11357,71.2,South,626.41,b993b65f-1667
11164,18.8,South,306.01,f34e5ba1-59de
10717,44.3,North,343.48,104b5372-5e30
11284,29.1,West,68.98,70c69b42-7dd6
11232,48.1,South,157.52,f6d4461c-1d09
10228,57.0,West,438.54,b87189e1-a4b0
10758,20.2,North,563.24,0182c481-01c0
11152,21.3,West,626.52,a0d763f0-25d9
10040,55.0,West,752.91,a510f7b4-909f
11404,53.1,West,732.68,4002c5eb-e8f3
10981,70.4,South,390.67,e123433f-729b
10295,34.4,South,772.28,290a8303-0ab8
10884,63.9,South,81.92,da07f08e-cdf1
10256,65.9,East,206.08,67e2020e-d5e0
10943,59.8,West,764.28,76a90f78-acf4
10667,55.9,South,592.48,34b6d9da-6f15
11459,28.9,South,761.0,cac5a4c6-bfe7
11318,35.5,West,156.0,a6f90864-99c3
11852,65.5,West,88.16,3798fc80-503d
11350,39.9,West,185.24,716728ee-69b4
10790,50.3,South,254.99,32a3a8fb-d294
10648,44.7,South,621.97,7c976337-1213
11384,23.5,North,114.31,0d81339d-2e0d
10641,71.1,East,202.26,3687f1e1-21cd
10743,53.5,East,487.59,d4087cd1-f33e
10693,58.1,East,277.43,e16c77ac-5396
10850,24.8,West,168.71,fbb9bf21-7fb0
11999,24.5,South,731.89,0a14b309-c30b
10968,39.6,South,625.35,9268b5df-e508
11830,19.1,West,759.95,9118b0e6-adf7
10174,68.5,North,182.93,9fc08086-c988
11877,26.5,South,771.18,52194d62-2a88
10726,52.4,West,61.97,2b4786c5-8163
10393,47.3,North,417.21,e7e399b8-1aa1
11329,31.6,East,247.34,ff03f1a9-accf
10082,33.6,West,544.56,08081d21-0577
11504,50.7,East,335.5,e78f980a-c291
10795,20.1,East,572.64,55ec2b78-d959
10833,58.3,South,757.18,b8180f1c-62c4
11001,34.1,North,735.02,1d0ffe16-41ce
11651,61.4,South,105.81,5f96600d-4ed9
11171,63.7,North,697.77,ce96a698-2409
10319,51.2,West,523.25,aa3961be-3e73
10115,58.1,South,738.5,ed3329b7-5f03
10187,58.9,North,52.88,3baada26-1999
11468,22.5,East,519.09,3150c323-6504
11450,74.3,South,401.91,dc63df5e-e291
10378,46.9,North,181.89,329dcf9e-49ac
11798,48.9,South,574.98,13664d76-5fc4
11737,36.3,South,171.82,97a182a2-d316
11037,54.5,South,369.89,d3105f4f-7b46
11086,18.4,East,261.09,29489bda-1f8c
10128,46.2,North,514.88,d1550475-28ef
11380,61.6,West,59.0,16965a15-b913
11429,56.8,North,476.9,51ae2d48-b75a
11520,64.2,East,424.77,c36f0008-a07f
11118,74.9,South,221.08,2ba95b90-b4ae
10839,44.5,West,293.28,673ad8cb-edc4
10926,26.7,West,364.7,5114ca97-4c7c
10818,38.8,West,643.53,2c3b4e9c-5e29
10444,23.4,West,404.22,45590d60-6540
10044,46.3,South,277.64,8ca0cd2a-749a
10389,45.7,West,374.64,28ea0192-1e98
10723,72.8,North,764.71,b4bdfeed-9421
10289,31.4,West,652.72,6a959ce2-06a3
11959,35.6,South,303.94,9e54b7bf-3e62
11226,25.4,East,305.82,20cd5bb8-f271
10129,19.0,East,362.75,f8f79639-8fa1
11136,37.4,East,573.75,e6e005dd-a4c7
11600,54.1,South,581.08,9c00cb52-7f89
11000,50.1,North,285.1,e17766b1-c4ae
11536,26.5,East,110.98,7dae4677-8832
10137,43.6,South,643.46,24a11c7f-1e38
10970,32.1,North,295.41,51eddb85-a0da
11238,68.3,South,668.1,a555dfa1-3da0
10605,59.8,South,442.63,810e9d40-7f17
11619,39.4,North,273.63,34491318-979a
10051,19.6,West,109.03,25ca147f-c398
11137,26.9,West,618.85,460781e5-8d49
10405,58.3,West,263.57,96239346-a546
11958,19.0,North,700.8,8d759038-bcd6
10290,36.0,West,462.6,a0fef51e-a5d4
10810,28.1,North,532.72,82ff51e0-4384
11017,21.6,North,154.93,b6bf1f51-2f08
11545,38.5,East,303.62,69a2e466-239f
11008,40.8,North,443.51,d2a60853-6a1d
10918,27.1,East,220.55,06339f7f-7377
10980,20.4,South,618.9,f330f931-467d
11025,36.2,West,616.97,ab965b35-09db
11044,61.6,West,67.63,1165ed7f-6676
11207,20.1,South,487.05,01d4bcf6-2947
11191,68.3,South,347.89,9f6f4967-8802
11139,39.3,West,169.9,9b8ce31b-ab41
10400,36.6,East,344.47,a684b83b-e73e
10059,43.4,West,203.44,1cd97b17-c660
11647,24.1,South,200.11,bf4d493d-6dbe
11815,51.8,East,320.7,a0493ed9-8131
10444,47.1,East,59.27,d45fd39a-aaf9
