order_id,order_date,customer_id,product_id,quantity,status
2079,2024-08-06,76688387-314c,115,39,pending
3248,2024-07-03,839aa6b0-bea7,115,36,pending
2807,2024-07-23,1fe2a062-4e93,136,11,cancelled
3710,2024-09-02,2e8d0bb3-2087,135,38,completed
2383,2024-07-08,d6cf23c0-97a2,141,5,cancelled
3277,2024-07-14,0fa0448e-ea33,108,47,pending
2677,2024-09-06,70547e0b-40af,115,50,pending
2103,2024-09-14,44a3f944-5f3c,125,39,completed
3985,2024-09-09,a9a3d623-9811,103,50,cancelled
3957,2024-08-16,b715e9a1-152a,150,27,cancelled
3585,2024-07-11,5badd3cc-2c26,144,47,completed
3176,2024-08-09,890221e8-e2da,135,3,completed
2006,2024-07-14,1fd36c9b-08bb,128,50,pending
2243,2024-09-30,8847a774-8499,142,45,pending
3728,2024-08-13,62b65955-111a,115,46,completed
3736,2024-09-25,6797d0d2-ce92,125,39,cancelled
2838,2024-08-11,65dd854e-1a8a,110,35,completed
3605,2024-07-25,f70a1cd8-7783,105,15,pending
2385,2024-07-28,fae98ab1-c73e,139,4,pending
3027,2024-07-08,1892a86c-0c28,142,40,cancelled
3819,2024-09-03,f37c9b47-b0ec,125,15,completed
2920,2024-08-20,27948206-0321,136,45,completed
2256,2024-09-11,9f589789-66eb,114,28,completed
2031,2024-07-24,604a6f76-a821,150,17,cancelled
2275,2024-09-08,935d8dc0-7c2e,122,16,completed
2186,2024-08-04,ef9b37c3-25a9,150,46,pending
2292,2024-08-10,392971ca-6a3d,150,41,completed
2586,2024-09-11,ab1fc650-991a,144,31,pending
2631,2024-09-09,120b7e3c-4ee1,128,48,completed
3324,2024-07-14,a70ec0fd-603f,122,40,cancelled
3659,2024-09-05,0f7091ce-56f9,103,30,pending
2609,2024-07-09,57812880-e2ba,130,18,pending
2286,2024-07-15,cde9e043-b762,115,24,completed
3605,2024-08-19,728e8781-9e88,107,16,pending
2374,2024-08-17,6f3d59b2-9658,137,41,completed
3943,2024-07-24,27f02ef8-47bd,110,45,cancelled
3206,2024-09-03,e837f4d5-859a,103,25,cancelled
2382,2024-08-02,5cd599eb-34f2,116,20,cancelled
3552,2024-08-02,187e2adf-c949,135,25,cancelled
2900,2024-09-19,1b4757dc-f92a,150,5,pending
2221,2024-09-24,b912d599-e563,130,6,cancelled
3383,2024-09-08,6d2057ea-4b70,110,23,completed
2169,2024-08-03,0afc2395-a497,110,2,cancelled
2730,2024-07-27,1f721134-edff,135,1,cancelled
3429,2024-07-11,36246e9b-15ce,128,26,completed
3831,2024-07-15,19751397-0d86,103,40,cancelled
3369,2024-09-23,ad53b4d7-84a8,141,26,cancelled
2382,2024-07-22,52375b11-d21d,106,46,pending
3360,2024-08-12,75a2d9af-686e,118,28,cancelled
3706,2024-09-01,d326b572-4f24,118,3,cancelled
2366,2024-07-15,13546b97-27a7,115,7,completed
2041,2024-09-19,d29034f5-c9fc,139,32,completed
2496,2024-08-10,5db307aa-c868,115,9,completed
3872,2024-09-05,996499a2-3a6b,116,3,cancelled
2132,2024-07-26,05b9f899-a43f,124,19,cancelled
2872,2024-09-08,05e464a9-2d4f,118,40,completed
2121,2024-07-03,6d5daced-8161,142,20,completed
2730,2024-08-27,4e966d7e-3ff9,108,26,pending
3603,2024-08-04,c12890a6-298d,118,3,cancelled
2444,2024-09-08,1fb5a757-a945,124,37,pending
2579,2024-07-15,7eea99f6-5fa4,136,29,pending
2887,2024-08-31,2c6be176-8873,125,32,cancelled
2834,2024-07-14,f81a9479-a408,124,7,cancelled
3042,2024-09-04,b4ce8fc6-f6a8,144,17,cancelled
3633,2024-08-19,c7eceefa-1210,118,41,completed
2347,2024-08-07,51ebed6d-e158,141,38,completed
2554,2024-09-20,5028c7c9-04a3,109,33,completed
2125,2024-08-09,fd95e15f-e7a7,135,22,pending
2303,2024-09-22,3ac1d874-2ed0,141,17,completed
3175,2024-08-26,dd6f13e9-5574,115,25,pending
3115,2024-09-30,fdaca6e0-be13,115,29,cancelled
2737,2024-07-11,1c17d37e-4155,103,27,pending
2713,2024-08-04,0faa8b53-4cf6,106,30,cancelled
3431,2024-09-27,59216241-09ee,101,16,completed
3836,2024-09-21,564ed6b6-e3a2,136,41,completed
2782,2024-08-12,ebc4ed49-5257,147,13,pending
3129,2024-09-14,851026dc-a820,139,41,completed
2654,2024-07-30,157cd5aa-a308,145,31,cancelled
2672,2024-07-16,60948fef-0f8d,124,21,completed
2580,2024-07-02,da2e5ba1-a222,135,3,pending
2818,2024-07-16,5931a2f8-7f47,145,18,completed
2928,2024-07-13,c8d5f5b3-a74b,136,48,pending
3277,2024-08-23,f1e8a241-dee4,105,16,pending
3255,2024-08-23,e16d9a58-1803,107,7,pending
2602,2024-07-26,6e0650e0-53d4,135,47,cancelled
3049,2024-07-12,e53fb387-5415,118,30,completed
3337,2024-07-03,8df04557-cf22,150,11,pending
2853,2024-07-23,0dde3c8c-e8fc,108,3,pending
2015,2024-09-29,aa15c298-e3a6,141,9,pending
2465,2024-08-02,62764464-acf0,124,23,cancelled
2268,2024-08-17,90cbe833-0e31,142,28,completed
2051,2024-09-11,082ef60c-6e8c,144,30,cancelled
3964,2024-07-20,9eaf2abb-6f2f,115,12,completed
3144,2024-08-03,f7671b55-2fe5,110,20,pending
3376,2024-09-01,03350016-bd94,148,23,completed
3690,2024-07-16,95d374bc-874d,135,2,cancelled
3788,2024-08-05,bd1fee71-69d0,118,8,completed
2696,2024-09-16,74a43d20-8722,115,3,pending
2164,2024-09-02,b3d1d20d-7f58,115,40,completed
2565,2024-08-20,d1422848-d4b4,148,20,pending
2540,2024-08-24,9b7b2c21-1fcc,115,27,pending
2401,2024-07-26,678399b0-3dc3,135,10,cancelled
3582,2024-09-24,5e09564e-6bfe,110,2,completed
2158,2024-07-15,bd8bd49a-07d8,115,47,cancelled
3959,2024-08-17,b63f3b76-9f0c,145,25,completed
2091,2024-08-09,5c001136-43f3,106,18,cancelled
3990,2024-07-31,c70acc9f-17ee,141,18,pending
2237,2024-07-02,54f41d75-6c25,118,21,cancelled
3195,2024-07-21,80bad340-c296,136,31,pending
3245,2024-07-10,5a1f5dc6-f5f1,116,8,cancelled
2063,2024-08-27,211c7731-e097,125,33,cancelled
2721,2024-08-19,694d2d98-114b,118,32,cancelled
3500,2024-07-03,9700652a-32e6,141,12,pending
3019,2024-08-14,385e93cb-2880,118,49,pending
2650,2024-07-11,cf5e5173-0ff2,145,32,pending
2807,2024-07-21,d3ed95a7-0bb8,135,1,completed
2292,2024-09-29,86bea5e2-2d96,141,39,completed
3465,2024-09-05,f0cd1b8f-3423,141,38,cancelled
2874,2024-09-11,d3cad99a-1aef,115,44,pending
3051,2024-07-09,989d14f5-c253,101,1,completed
3184,2024-07-16,706e9585-3ee4,135,6,cancelled
2103,2024-08-28,dc74f390-7ad0,145,2,completed
3121,2024-08-30,29297a33-937c,108,12,pending
3062,2024-09-09,532ba079-2bf2,141,16,cancelled
2548,2024-09-07,a2b8e542-796c,114,25,completed
3713,2024-08-14,46adfd54-7491,144,18,cancelled
2824,2024-09-28,471361fe-319a,136,9,pending
2724,2024-07-06,1c0f3cd7-99e8,118,3,pending
3201,2024-07-05,73136670-1176,115,35,pending
2386,2024-08-24,88e71bfc-a77f,118,44,pending
3984,2024-09-13,213f83a5-dadb,115,32,cancelled
2032,2024-08-19,36f28dd6-3bc4,128,2,completed
3574,2024-09-28,29f21ce0-0044,150,27,completed
2047,2024-08-05,12bc4e80-a1ec,142,6,cancelled
2418,2024-07-05,70aa289d-1f1f,124,43,completed
2601,2024-07-11,daa9ebf3-a4b4,118,28,completed
3405,2024-09-02,4026d3ab-eaba,115,41,cancelled
3167,2024-08-04,2159dc71-8a10,105,3,pending
2492,2024-07-31,51c8be13-d2a5,135,8,completed
2619,2024-09-23,2fb885a8-3ffc,135,48,pending
2848,2024-07-03,059255b6-e125,141,45,completed
2710,2024-08-01,a9db4cf2-e100,128,25,cancelled
3272,2024-09-06,7eb5519d-84e6,150,21,completed
2535,2024-09-03,7ac2aa1a-0157,118,20,pending
3988,2024-07-15,3b0c1227-e26c,136,18,pending
2523,2024-07-16,ae2f76a9-6d01,115,24,pending
2645,2024-08-28,bf1dbe8a-1b11,115,32,cancelled
3185,2024-09-19,68761415-b624,139,19,completed
3573,2024-07-09,eee02523-2d1b,101,35,completed
3902,2024-08-29,63fdf151-2e6b,103,6,cancelled
2543,2024-07-19,c3984dda-47f2,105,19,pending
3555,2024-07-29,447ee6f7-c4f4,106,50,cancelled
3960,2024-09-06,334b712d-65e4,108,12,cancelled
2644,2024-08-22,0d0b8a41-0a58,136,30,pending
3642,2024-07-26,f3fbe02c-2854,136,16,pending
3434,2024-07-26,8f0eb176-56af,150,22,pending
3200,2024-09-03,0a15e538-e8f3,103,36,cancelled
3115,2024-09-04,6bc141b2-a30e,118,23,pending
3819,2024-07-01,1a7f469a-eb64,148,45,cancelled
2776,2024-07-08,5b44fb8a-8d94,141,27,cancelled
2741,2024-09-23,2e5abcd4-7d9c,124,48,cancelled
3713,2024-08-02,731b8f8a-54bb,142,20,pending
3214,2024-08-19,c6a300aa-18a6,147,8,completed
3527,2024-09-06,7faf5ead-1c0f,107,6,cancelled
2049,2024-08-13,459b18d5-5666,107,37,completed
3014,2024-09-10,46f8debc-ab7d,142,35,cancelled
3184,2024-08-29,abbbe2bb-a10e,144,48,cancelled
3184,2024-08-16,24349bfc-207d,115,43,cancelled
2533,2024-07-27,48f148cc-c148,135,44,pending
3220,2024-07-28,a426729a-17c2,122,21,cancelled
2756,2024-09-12,8a11cf34-b3f5,144,12,pending
3278,2024-08-28,345614ad-a334,124,3,cancelled
2770,2024-09-13,31bbe2bd-3b4c,118,47,cancelled
3544,2024-08-28,2114ad45-1ee1,147,4,pending
2908,2024-07-13,abbcca35-cbb0,130,2,pending
3753,2024-07-29,c0265c11-fe37,118,10,cancelled
2378,2024-07-19,7ed6bf01-32d1,115,9,pending
2703,2024-09-06,f1723ae7-3abe,145,40,completed
2101,2024-09-10,ec5af9ba-5504,145,49,cancelled
2478,2024-09-21,0bcb6eec-0981,136,15,completed
2376,2024-07-12,3957941c-e167,114,23,pending
3511,2024-09-19,99d4e515-d866,105,10,completed
3078,2024-07-28,b91e521a-7fdc,106,26,cancelled
3080,2024-07-22,6076dc29-d5f0,141,22,pending
3545,2024-07-02,bfc85206-73ef,114,44,pending
3527,2024-09-16,689dbc18-7858,136,45,cancelled
3984,2024-09-30,78b9dd41-229f,141,31,cancelled
3681,2024-09-22,75a21c8c-8850,115,20,completed
3941,2024-08-02,659f86d0-aeaf,128,13,pending
2617,2024-07-09,d3e2e80d-51e6,108,41,completed
2060,2024-08-30,29919eb9-4a9f,124,22,completed
3730,2024-08-23,18f49022-1104,130,17,pending
3900,2024-08-08,6b27819c-8c38,114,29,completed
2511,2024-07-21,66170395-ef5c,124,14,completed
3116,2024-08-07,b3156b07-4be1,150,39,pending
3703,2024-08-15,95ab8315-f6ec,144,8,cancelled
2455,2024-08-20,58a8b82a-f1b4,137,30,pending
2454,2024-09-20,153a9b9f-c40a,145,31,completed
3277,2024-08-11,81498247-b749,114,45,cancelled
2726,2024-07-15,5674b8f8-b4e9,122,49,cancelled
2173,2024-09-09,764687ec-39a5,118,8,pending
3663,2024-09-11,472621d0-d881,150,15,pending
2094,2024-07-16,7e3c3360-71e6,137,8,completed
2184,2024-09-24,ceb6eacc-6267,124,20,completed
2144,2024-07-24,fa586f31-2ecb,115,22,pending
3678,2024-08-19,409ff587-e4e4,135,14,cancelled
3295,2024-07-16,9fb9c7fb-0c8a,141,32,pending
3270,2024-08-25,ee047c37-555e,107,30,cancelled
3606,2024-09-07,b619d4ba-0126,125,24,pending
3095,2024-08-18,089f7550-b045,128,34,completed
3098,2024-08-07,d6deec59-0744,130,27,completed
3791,2024-09-14,f05ad6a9-8ca2,144,5,pending
2592,2024-08-12,738e827b-de2c,136,15,pending
3418,2024-07-05,d7ae6582-22fc,108,35,completed
3614,2024-09-16,9780302d-bb08,128,33,completed
3635,2024-09-11,3e905793-c1b0,109,6,cancelled
3354,2024-08-27,aaa20abe-4953,144,22,pending
3422,2024-08-04,9e8a22f2-5c63,115,17,completed
2094,2024-07-21,695a24b7-a901,114,41,completed
3826,2024-07-01,d70f6961-4283,150,49,cancelled
3963,2024-07-28,c3d137e3-61f1,150,3,cancelled
3717,2024-09-24,fe88f24b-b39b,118,46,completed
2308,2024-07-22,30ec7b49-7683,141,34,completed
3825,2024-07-13,2a0000e5-f498,115,36,completed
3887,2024-09-17,42afe7ac-cb7a,115,27,pending
2948,2024-09-05,388dcf32-cd4a,142,41,pending
3143,2024-09-27,e402e4e3-c631,118,47,pending
2448,2024-08-30,3ffad61d-5514,147,37,pending
2372,2024-07-03,3f857638-78a9,116,34,pending
3435,2024-09-02,be0b49cc-f60c,148,38,pending
3086,2024-07-21,311f2fa6-452a,125,22,completed
2124,2024-09-24,d1fc1111-de0b,118,27,completed
2420,2024-08-16,682d679a-0575,118,5,cancelled
3197,2024-08-10,fccf89d6-260c,115,11,completed
2792,2024-09-18,2bba2ef0-fc11,128,25,pending
2334,2024-09-14,ec96f920-abc9,124,34,completed
2766,2024-07-23,283bd36e-c878,128,8,cancelled
3592,2024-09-26,ba00ce03-888c,135,42,completed
3175,2024-08-08,efbc79b2-12f2,144,15,cancelled
3386,2024-08-10,4585250f-14f6,128,10,pending
3845,2024-08-11,dbbf22d2-fa1c,147,6,pending
2206,2024-07-21,9496a2b1-2d2a,115,18,pending
2115,2024-09-23,a68f8dc9-f238,142,40,completed
2140,2024-09-30,3b26caa8-572a,136,20,cancelled
2719,2024-08-21,f86d2717-cba5,148,17,cancelled
3311,2024-09-22,749e51c2-e29d,141,13,completed
2907,2024-09-07,59986861-e071,147,12,cancelled
2247,2024-07-18,27cf2395-1f3b,142,11,pending
2595,2024-09-23,60e8ffab-5fb6,118,2,cancelled
3409,2024-08-11,2868b3d3-d003,136,10,cancelled
2964,2024-09-27,d335fc22-cfc2,103,21,completed
3908,2024-07-11,2a5d30a6-affc,150,21,cancelled
3169,2024-08-24,f1dd84be-2861,135,43,cancelled
2294,2024-09-30,81a9b8db-4221,125,46,pending
2764,2024-08-04,f40d8973-9bcb,103,48,pending
3391,2024-08-27,91ccea98-2ab2,118,4,cancelled
2027,2024-09-30,d838f276-62ec,109,8,cancelled
3323,2024-09-13,14ca0f05-f85a,130,38,cancelled
3933,2024-08-13,221b99aa-f65a,141,31,cancelled
2110,2024-08-16,4d3c1ddb-a485,115,39,pending
2737,2024-07-12,f59e5489-bc83,137,4,pending
2982,2024-07-28,a408927b-6114,103,4,pending
3030,2024-07-25,dcac75c6-7869,106,28,completed
2069,2024-08-21,b6ac4f2d-bb6d,142,31,cancelled
3569,2024-08-09,56c8b4c6-cebe,108,18,completed
2345,2024-08-30,a0d69d50-8b2d,142,30,cancelled
3090,2024-07-15,a3a253c3-d6fd,150,17,cancelled
2429,2024-08-24,fd364e79-9191,115,40,pending
2876,2024-08-18,07fc5c4e-baf5,136,11,completed
2517,2024-09-29,c09d0662-9933,105,20,pending
3005,2024-09-04,c70ce107-e08a,150,26,pending
2162,2024-07-22,e659bf20-993c,142,22,pending
2113,2024-08-27,c9c6a3e1-3cf8,145,12,pending
3471,2024-09-24,85f2c685-21c8,139,23,completed
3065,2024-07-14,9eb18e96-bc58,129,34,cancelled
2793,2024-08-10,ea9643b4-e49f,124,49,completed
3743,2024-07-12,80691f85-a17e,114,9,pending
2193,2024-09-01,28bbc496-58e6,110,46,cancelled
2718,2024-08-14,e8ec0db0-77ef,142,8,cancelled
2312,2024-08-02,89c1a9d4-ee13,103,21,pending
2544,2024-08-02,86805e80-ce0e,141,42,completed
3693,2024-07-25,4fa22eaf-c04b,124,6,pending
2233,2024-09-24,1c358e5a-6046,130,31,completed
3048,2024-08-14,7bf1fbc9-1927,144,24,pending
3014,2024-07-06,fefc33b3-1473,145,19,completed
3603,2024-08-11,08e70afa-d3f8,142,25,completed
3057,2024-08-11,44056e91-413f,144,11,pending
2307,2024-08-18,c5d9f2aa-ace8,105,9,cancelled
2279,2024-09-22,00f9632d-d575,105,7,completed
2701,2024-08-27,47975da9-d6f8,136,38,completed
3906,2024-07-13,a73d09b4-786f,129,17,cancelled
3576,2024-09-26,8aff5680-bae5,150,39,cancelled
2500,2024-09-22,0303c411-d33c,118,43,completed
3977,2024-07-18,de2b0bc8-f6c3,115,30,cancelled
3911,2024-08-10,6bde6e4c-7abe,118,22,pending
2797,2024-08-30,0afc98dc-60cf,116,29,pending
2104,2024-08-28,6dfffefd-c4eb,135,16,cancelled
3026,2024-09-26,5805f35c-fe31,110,29,completed
3910,2024-08-13,29041273-9ca4,118,42,cancelled
2340,2024-09-08,4749acc6-35d5,109,21,pending
3312,2024-08-02,0e95a9ca-279c,125,27,cancelled
3196,2024-08-14,a08dc17e-70b4,103,37,pending
3191,2024-09-06,5a8e0409-9b42,144,1,completed
3150,2024-08-30,96848c23-19a1,124,29,cancelled
2613,2024-08-01,2347e949-8fea,106,33,pending
2234,2024-08-16,9588ab33-3437,106,36,pending
2651,2024-09-15,2b87ab25-30b4,129,13,cancelled
2562,2024-09-30,3662094a-7fd2,115,46,completed
3520,2024-09-21,b92b6ea3-2700,109,21,pending
2462,2024-07-19,bb49987a-1f82,144,33,cancelled
2646,2024-08-27,d7127f9a-ddee,150,46,cancelled
3285,2024-08-06,69d1ca07-c1d8,142,41,pending
3457,2024-09-04,d32719e3-4856,110,29,pending
3935,2024-09-25,df5669ef-7256,148,40,cancelled
3511,2024-08-31,02992946-f725,150,39,completed
2836,2024-08-22,c5dea269-d40c,122,34,pending
3936,2024-09-19,020e1656-1bad,103,49,pending
2362,2024-07-31,2b44f68c-d38a,118,36,cancelled
3971,2024-08-21,97ae0fd6-bcc2,115,23,cancelled
3950,2024-09-04,96efd071-7ff3,115,22,pending
2971,2024-09-27,03db53bd-155d,124,41,completed
2768,2024-08-09,5c4e69a0-cca8,141,30,pending
3791,2024-08-19,b1058400-c7fa,141,27,completed
3169,2024-07-03,639efcde-9993,144,1,cancelled
2092,2024-09-20,ef5dc888-84db,135,7,cancelled
2616,2024-07-30,aa205c3d-ceff,108,30,completed
2421,2024-08-05,cba46368-b8ec,122,28,completed
2561,2024-09-03,94967764-dc53,118,24,completed
2042,2024-08-18,d19277ef-1d7f,124,13,cancelled
3474,2024-09-30,c63a52ac-244a,129,32,pending
3619,2024-08-22,cec77751-d01a,124,27,pending
3685,2024-08-10,896ab377-7132,103,13,completed
3512,2024-08-13,8262b188-111d,125,10,pending
2089,2024-09-03,c3e95653-918d,139,44,cancelled
3996,2024-08-27,441e863c-2aaf,144,12,pending
2776,2024-07-09,269aed43-5942,129,5,pending
2644,2024-09-04,4fec832f-7111,144,6,cancelled
2548,2024-08-15,c441d467-c2d5,105,2,completed
3129,2024-09-18,5efc0f29-1178,101,15,pending
2692,2024-08-02,2a1dbf82-4fff,150,32,pending
3882,2024-07-29,6b12256d-3864,114,29,pending
2370,2024-07-26,ce23a1f3-cfd0,122,36,completed
3367,2024-08-07,f8edd77d-9033,144,4,completed
3641,2024-09-21,032c511d-cd20,136,14,cancelled
2629,2024-07-08,a1b94189-187c,147,6,completed
3951,2024-07-20,a597eadb-4821,142,18,completed
3731,2024-09-17,28906dd7-067f,139,41,cancelled
3034,2024-09-22,33c6360d-75bd,115,45,pending
3122,2024-08-14,70d47889-0961,150,6,completed
3504,2024-08-22,c43ada06-bf49,103,29,completed
2513,2024-07-20,98fd37e1-beed,148,42,cancelled
3567,2024-08-17,67d77ee0-f589,118,2,pending
3475,2024-08-17,8cfef904-f9aa,108,6,completed
3360,2024-09-12,d6b2bf0a-7562,130,21,completed
3945,2024-07-18,3345f2a0-6f41,145,30,cancelled
3235,2024-07-30,aecfcb5d-9b00,136,44,cancelled
3218,2024-07-21,74af0a47-84a3,142,38,cancelled
2698,2024-08-17,7baf1831-6f6f,101,32,cancelled
2584,2024-08-25,03662ea0-d4f7,105,13,completed
2144,2024-09-28,dba92d7d-6475,103,45,completed
2685,2024-09-23,1bc932c8-43be,145,40,pending
2622,2024-08-20,12df07c3-a883,135,33,cancelled
2142,2024-08-22,3488ecc8-54f0,141,6,cancelled
3017,2024-07-08,51fad4b5-982f,128,38,cancelled
3878,2024-07-22,4eaf4859-32c2,109,32,pending
2530,2024-08-12,af784d91-0b25,147,31,completed
2109,2024-08-08,1c3df659-c416,136,9,completed
2756,2024-07-23,46067aa6-3628,115,2,completed
3679,2024-09-03,ae112b7b-b804,114,24,completed
2110,2024-09-21,8ba82b49-5453,130,31,pending
3678,2024-09-28,5e3ecbb6-2aca,114,41,cancelled
2378,2024-09-28,588a27f2-94bc,114,28,cancelled
3064,2024-08-08,f6c323fa-0616,142,1,pending
2947,2024-07-19,7e039afa-db2f,135,49,cancelled
3249,2024-07-31,bafeb223-6e05,141,20,cancelled
2810,2024-09-05,6169cec2-7099,144,44,pending
2516,2024-09-10,cf4ce615-2834,135,21,completed
3826,2024-09-05,4173e63e-5cd6,130,3,cancelled
3363,2024-08-21,10f5fab1-9c99,103,10,cancelled
3450,2024-08-24,c7d1dc14-e75b,136,5,pending
2953,2024-08-27,c353f5ae-c816,115,24,pending
2290,2024-08-07,780bf4c8-79e2,142,31,cancelled
3194,2024-07-12,b7988ecb-b736,135,23,cancelled
2076,2024-08-03,1c743435-371c,116,37,pending
3954,2024-07-05,6622d38a-160e,135,31,completed
3267,2024-08-22,ed4b4a47-8b0d,105,13,pending
2026,2024-09-28,c33c48d8-ea28,136,37,completed
2152,2024-07-21,876d1bb5-13df,110,31,pending
3593,2024-07-07,9590292b-8f9f,145,35,cancelled
3833,2024-08-23,e9b24f5c-b3ae,130,8,completed
3278,2024-08-08,5b95c3d8-007d,139,35,cancelled
2633,2024-09-28,3714dc08-ec73,137,40,cancelled
2903,2024-07-17,52da3859-c608,145,18,completed
3280,2024-07-05,01e0234b-7196,144,34,pending
3461,2024-08-24,0ffb4ec6-8b37,142,9,completed
2286,2024-09-03,8befca47-c75f,136,15,completed
3477,2024-07-12,4575fb7f-517e,150,43,cancelled
3974,2024-07-27,afd72291-0dbe,109,38,pending
3327,2024-07-19,bf8fae1b-9cee,141,22,pending
2252,2024-08-08,455464cc-9613,115,4,pending
2512,2024-09-27,8ca539db-46df,122,46,pending
3584,2024-08-10,1b49fac8-caf8,144,30,pending
3782,2024-09-19,5a2bf6d4-22cd,144,23,pending
3672,2024-07-23,a95b4f0d-bb21,118,46,pending
2588,2024-07-11,8f50795e-b5bc,103,5,cancelled
3072,2024-08-12,f560349b-2f74,118,28,cancelled
2960,2024-07-31,057ad199-ae36,118,9,pending
2976,2024-08-17,47a9ca45-89e5,136,20,pending
2109,2024-09-25,b8b44865-c085,115,3,pending
3246,2024-07-22,b2c0e254-aded,142,22,pending
2182,2024-08-31,6a2c8631-450c,144,9,pending
2849,2024-09-06,971ca585-5f94,101,10,completed
3617,2024-07-25,cbca6fbc-91ef,107,1,cancelled
3185,2024-08-30,3f7dbd20-a751,142,13,cancelled
3440,2024-07-30,70cf1ef0-4f03,145,21,pending
3695,2024-08-31,b1b5b4f6-d49c,116,50,pending
3564,2024-08-03,c9242054-de7f,137,32,completed
2922,2024-09-14,382f20a0-b641,125,43,pending
2808,2024-07-30,201c457d-7ed0,147,30,completed
3820,2024-09-20,3d9430f3-a05f,103,13,pending
2449,2024-09-08,5b3d28b5-3dc3,135,6,pending
2216,2024-09-07,c6844c7e-45c7,142,25,completed
3956,2024-08-19,8157e31a-b200,142,20,cancelled
2888,2024-07-26,a3f5c10e-fc3d,136,17,pending
3771,2024-09-25,1758b48f-ceb8,136,18,completed
2155,2024-07-27,235dbfcf-822e,130,29,completed
3645,2024-09-26,eea45362-9733,145,6,completed
3862,2024-07-28,206c2566-ddb3,148,42,completed
3381,2024-07-10,ce4a4c02-699d,122,26,cancelled
3122,2024-08-20,6a70e229-e12c,125,37,cancelled
2186,2024-09-10,dc5389a8-867d,101,45,cancelled
3439,2024-07-05,4e157d8c-7040,135,48,pending
3821,2024-09-25,34a739e8-eb67,101,19,completed
2219,2024-09-22,727e988c-95f2,141,11,pending
2501,2024-08-02,c2ea516d-bcf8,142,34,completed
3769,2024-09-18,8696f892-ba36,118,38,cancelled
2576,2024-09-21,2cfb42a1-161d,118,14,pending
3162,2024-08-03,8f190080-519b,118,21,cancelled
2552,2024-09-29,cb9e43ae-2ba0,135,5,pending
2150,2024-08-01,04f93ece-f071,103,29,completed
3018,2024-08-02,3cb77153-6067,135,25,cancelled
2765,2024-09-15,e4b58a18-bc7c,145,23,pending
2220,2024-09-27,26249d8f-993f,125,37,completed
2816,2024-07-25,4a2589e6-5711,145,35,cancelled
2559,2024-08-13,f45fecc9-763c,109,24,cancelled
2526,2024-08-08,c9708111-1524,141,31,cancelled
3222,2024-07-21,8e21c964-9fb9,103,33,completed
2971,2024-09-27,15796ae0-0bb4,125,5,cancelled
3824,2024-09-17,89f252b1-b6a1,130,37,completed
3588,2024-09-23,08b956ba-64cc,107,26,completed
2091,2024-07-13,25d33562-45b4,135,2,cancelled
3848,2024-09-28,52a963ef-2027,116,39,pending
3104,2024-07-19,b8d181c8-5d93,115,22,completed
2121,2024-08-31,8abfd427-0e60,105,39,cancelled
2600,2024-07-11,adcb2ac9-59fa,145,44,pending
2031,2024-09-12,a501fa39-25d0,150,37,pending
3366,2024-07-23,ab7aed25-fa3d,116,7,cancelled
3557,2024-07-26,7ca27803-f3e6,124,43,completed
2361,2024-07-31,a2222e99-2955,144,44,pending
2676,2024-07-17,edd9170a-038c,115,46,pending
3050,2024-09-28,bcee862d-4f6e,141,25,pending
2276,2024-08-13,8e13f9a3-ba49,137,39,pending
3201,2024-07-11,86607294-f9e6,124,20,cancelled
3852,2024-09-24,347ce925-aac4,147,35,pending
2224,2024-09-21,3ada56c2-c994,150,28,pending
2128,2024-07-23,76e72e0d-0843,137,32,completed
3274,2024-07-09,07e89ec0-2e0a,109,24,pending
3876,2024-08-20,1882b11b-754b,115,31,completed
3730,2024-09-09,54a1da45-585f,116,27,completed
3843,2024-08-14,da5c0757-c2ca,139,5,cancelled
3709,2024-09-21,64065be3-8ca5,107,40,pending
2493,2024-07-12,1ae648a6-8393,135,16,completed
3251,2024-07-16,609ef27b-5877,147,35,pending
3600,2024-07-08,d753e642-c9d5,129,12,pending
3052,2024-07-13,b6cfd5aa-be64,141,7,completed
2413,2024-08-15,8885db13-86e1,150,47,completed
3627,2024-07-25,aaa2e706-00f8,135,27,pending
2841,2024-09-28,def54e96-cbba,115,41,completed
3546,2024-09-18,84e42862-e682,145,31,completed
3538,2024-07-19,ac2551fa-c364,115,29,cancelled
2794,2024-07-05,b20e8c47-e984,124,34,cancelled
3795,2024-08-13,0ac69d5e-abad,144,17,cancelled
2057,2024-07-18,eefeb0ef-81b6,130,13,cancelled
2790,2024-08-09,6e075f6f-5168,141,6,pending
3373,2024-08-25,cdd1facd-a690,128,2,cancelled
3322,2024-09-23,3a482886-cec9,115,40,cancelled
2150,2024-07-26,f179a8f3-6744,144,4,pending
3322,2024-07-24,9dd87a35-0238,115,17,pending
2237,2024-08-27,97bfdc03-a7ac,136,13,completed
2474,2024-07-29,9605a11f-d105,135,24,cancelled
2257,2024-09-10,cbb66ff0-1166,144,7,completed
2865,2024-09-06,652db828-0c9e,103,15,completed
3191,2024-07-21,b35f2a17-8b42,141,14,pending
3857,2024-08-23,e3ea171b-f825,109,35,pending
3414,2024-08-10,1e3283e5-a90e,101,20,completed
2035,2024-08-18,e342d085-4d44,145,31,cancelled
2190,2024-08-05,715a18ef-c590,144,48,cancelled
2382,2024-08-16,25dfc22f-b619,137,16,cancelled
2052,2024-09-20,0b634188-95eb,137,44,completed
3993,2024-09-16,521440e0-4e73,145,28,completed
3474,2024-09-01,f8fb18cd-a440,136,25,cancelled
3858,2024-07-11,8adcf2fc-4c1b,118,46,pending
3987,2024-09-10,414e241a-b189,136,37,cancelled
3549,2024-09-16,3a3938aa-24a6,108,6,pending
3173,2024-07-01,92ee06a6-f59e,141,28,completed
2576,2024-08-17,3087e59c-ace6,137,41,cancelled
2136,2024-08-14,910529f5-66e7,142,48,completed
3992,2024-09-06,bcc6fef7-89d9,106,1,pending
3178,2024-08-12,4d700c75-535d,139,33,cancelled
2345,2024-08-06,ab19fab5-7bd2,103,34,completed
3482,2024-09-03,db00533c-a3b7,145,39,cancelled
3313,2024-07-03,7f8f48c2-aa8d,118,37,cancelled
2060,2024-07-07,c41b73a4-1a5d,103,4,completed
2243,2024-08-06,d85b7aae-4193,118,17,completed
2623,2024-07-22,434fc4a6-abd0,142,43,completed
3941,2024-07-17,ccb7c184-843a,142,29,cancelled
3446,2024-08-21,44051624-2c5d,150,26,pending
3025,2024-08-13,438ce20c-85d7,115,46,completed
3906,2024-08-31,b755aba1-d1a4,141,32,completed
3873,2024-09-24,008e05fb-fdd8,128,13,pending
3579,2024-07-17,75b45c1e-c948,118,30,pending
3198,2024-07-22,af381af5-4d5b,128,39,completed
3167,2024-08-20,0d899418-21fa,144,47,pending
2732,2024-09-02,f70ab30c-703b,105,12,pending
3338,2024-07-21,ab98ce8c-6fde,144,5,cancelled
2984,2024-07-18,3487fb40-e1ab,105,14,cancelled
3481,2024-08-18,67f66fb9-87c0,136,50,completed
3779,2024-09-28,4070b58f-6ef1,124,36,cancelled
2883,2024-09-28,9c1b0d42-9ab0,136,39,cancelled
3745,2024-09-29,bf2096fd-8f56,118,17,completed
2470,2024-07-31,53dd4022-5a5c,142,45,completed
2878,2024-09-12,fb445fe1-5956,118,36,cancelled
3942,2024-07-22,f0043ec1-4aa1,141,44,completed
3738,2024-09-06,b84c669b-3586,142,3,cancelled
3859,2024-09-12,39c3fc9a-14b1,105,49,completed
2074,2024-07-24,b490585a-8ca4,106,25,cancelled
2993,2024-09-20,914ebd3c-bc60,135,32,completed
2223,2024-08-04,9a8f877f-8ed8,145,50,pending
3083,2024-07-12,83718802-07b9,144,12,cancelled
2582,2024-09-03,d8902af2-8e06,110,50,cancelled
3583,2024-09-28,1e9f4fb3-5c97,144,1,cancelled
3126,2024-07-14,d992ed93-11c2,144,38,pending
3019,2024-08-26,f52ae53d-7fd5,114,26,completed
3014,2024-07-22,2419f69e-2905,145,36,pending
3449,2024-09-29,9965fa0f-46ad,135,6,pending
2585,2024-07-13,a5c944f9-e411,110,22,cancelled
2891,2024-09-28,b8b178ae-bb9a,144,29,pending
3627,2024-09-20,0476f562-808e,110,11,cancelled
3245,2024-09-23,8f415676-9728,103,12,completed
2483,2024-07-21,46539a45-ff30,118,43,cancelled
3133,2024-09-19,bbc33ed2-28a8,144,47,completed
3203,2024-07-23,737162b0-95f1,122,38,cancelled
2561,2024-09-13,08742cb4-bba5,150,23,cancelled
3945,2024-09-17,5bf63fdb-d590,115,12,cancelled
2135,2024-08-29,c545b5cf-ed5a,136,11,cancelled
2359,2024-08-27,acadbfd1-1084,150,35,cancelled
3015,2024-07-03,14381061-45bc,115,34,pending
2229,2024-07-18,6049eac6-6e95,101,11,completed
2662,2024-08-18,37f9242b-97cb,142,25,completed
3946,2024-08-09,f95d4e98-00c5,118,45,pending
3966,2024-08-31,1b9efa50-f39d,144,19,completed
2766,2024-09-15,a283fe09-7b29,103,36,completed
3702,2024-08-15,0cf8b935-e030,147,30,cancelled
2165,2024-08-01,128ad481-27a0,114,37,pending
2941,2024-08-25,65cd4946-ec13,108,21,cancelled
3030,2024-09-18,ff8291bd-f814,139,19,pending
2849,2024-09-16,e8ec5161-5f49,142,3,pending
3445,2024-09-28,7b023ef0-cf4e,125,11,cancelled
3096,2024-07-04,56c645f8-b365,136,49,pending
2637,2024-09-08,dbeef687-cd17,118,47,cancelled
2088,2024-07-13,58cad6b2-0bbd,142,18,cancelled
3187,2024-09-22,96ee0a27-eab3,135,7,cancelled
3717,2024-09-21,e31db9fa-7cd0,107,2,cancelled
2659,2024-09-26,b7ac2677-2bf4,107,9,cancelled
2528,2024-07-28,d2f6b24f-77c9,129,25,cancelled
2372,2024-08-12,ee5b73d5-1564,141,38,cancelled
2640,2024-07-10,284d6cdd-dd77,147,40,pending
2290,2024-08-03,9d6d55f6-935c,101,12,completed
3134,2024-08-14,38f5ef0b-fac8,118,10,completed
2434,2024-08-22,ef49331d-8578,136,25,cancelled
3402,2024-07-05,72a86786-173f,115,34,cancelled
2138,2024-08-07,52c55926-cd47,148,14,cancelled
2017,2024-09-17,c70c3ccc-da01,139,18,pending
2695,2024-09-21,b59cf5cf-22f6,125,21,pending
3305,2024-09-14,247a8d0a-a022,124,11,completed
3581,2024-07-03,d0ffadd1-3439,135,36,completed
2238,2024-08-14,f14a20dc-12e6,118,34,cancelled
3798,2024-09-22,844960b9-13c4,142,26,cancelled
2603,2024-07-08,df921194-9bef,128,13,pending
3703,2024-07-06,34495bf0-f1e6,118,11,cancelled
2637,2024-09-04,ae357ca8-b288,128,12,pending
3311,2024-07-26,b65804d5-632c,118,21,pending
3947,2024-09-10,5b0c83f2-d160,103,5,pending
3109,2024-09-02,e6c24e37-c8f3,129,37,completed
3350,2024-09-13,a048d9f9-4a34,118,31,completed
2913,2024-09-01,c0f946f3-4e8e,142,25,pending
2548,2024-09-03,28d01b73-2023,150,24,pending
2846,2024-07-15,3eacc6f1-1ad7,125,45,cancelled
2911,2024-09-17,c87c6570-2314,116,22,completed
3172,2024-07-18,7e55c1c5-e864,118,23,completed
2656,2024-09-10,3afa5990-7b93,150,39,completed
3924,2024-09-26,38ef62cb-9d1d,128,1,completed
3356,2024-08-22,e657c0af-2f58,141,8,completed
2130,2024-09-23,9ebebddf-829f,137,23,pending
2764,2024-07-02,d5c43e3e-11e1,125,40,cancelled
2637,2024-07-08,9f9377e8-5328,124,41,cancelled
2751,2024-07-18,04381e14-644b,118,43,cancelled
2994,2024-07-29,99043cf2-98f3,108,27,pending
3169,2024-08-13,fb5ceed7-ad8a,124,50,completed
2805,2024-08-25,8b4fd63b-37d0,118,3,completed
2512,2024-09-10,40485493-4214,103,41,cancelled
2157,2024-09-22,0d8e48c3-7b65,145,3,pending
3121,2024-09-10,a665aa4b-7f97,148,48,pending
3974,2024-09-24,0c3fa44d-c788,118,27,cancelled
3126,2024-07-22,f97b9fcc-a06e,116,26,completed
2725,2024-07-05,5055f825-a9dd,109,35,completed
2965,2024-09-02,9c5e57aa-dad8,124,44,completed
3454,2024-08-26,7ac42be8-8cfc,109,40,pending
3768,2024-09-18,08f16d6a-86a7,148,17,cancelled
2919,2024-09-30,63786d1b-1bce,114,35,cancelled
3957,2024-08-03,a640436b-f26c,125,43,completed
3761,2024-07-12,2d05137e-4b35,115,4,completed
3879,2024-08-14,049f1c55-0575,142,39,cancelled
3382,2024-08-17,41ab3a22-9343,107,19,pending
2273,2024-07-04,016756c4-d170,144,47,cancelled
2737,2024-08-04,ab35b329-eaf4,124,31,cancelled
3722,2024-08-28,3900dcd8-4e4d,124,20,cancelled
3139,2024-07-07,f10d5e4a-3371,108,4,completed
3155,2024-07-30,28660f5e-ae85,122,48,cancelled
2588,2024-07-16,e67e86e5-8d93,115,9,pending
2438,2024-08-19,6b0ce981-1808,124,34,completed
2677,2024-09-27,828492be-998d,141,1,completed
2146,2024-08-30,8129726a-f7c0,115,12,pending
2396,2024-08-14,e9b6ffed-8b1d,144,11,pending
3842,2024-07-23,f5b2aeeb-cd75,118,3,pending
3080,2024-08-05,66506707-f529,130,4,cancelled
3461,2024-07-28,70d42842-beb8,142,18,cancelled
3761,2024-07-02,2106c1e7-20cd,129,42,pending
3647,2024-07-07,d9a17ebd-0568,128,19,pending
2397,2024-08-21,f92e5ff5-a0cc,118,17,pending
2213,2024-09-26,16cc9aa2-eb3b,118,45,cancelled
2347,2024-09-20,e5b2409a-94e2,122,26,pending
2886,2024-09-05,b8be1b53-d26d,144,27,cancelled
2477,2024-09-13,763290d0-a284,142,27,pending
3623,2024-07-11,f3a0e6d4-8415,103,46,cancelled
2731,2024-09-04,13ab3bc9-c2fa,118,8,completed
3743,2024-09-21,32832d1f-2adf,141,20,completed
2061,2024-07-03,97f571c3-14c1,116,11,completed
3797,2024-07-15,39370159-1845,141,42,completed
3161,2024-09-12,317d6ce8-e840,124,17,pending
2143,2024-07-05,bab2ba49-5fe7,106,50,completed
3926,2024-07-16,1e3a74df-8a1f,108,24,completed
3287,2024-09-23,a4458fa4-24e4,142,44,cancelled
3090,2024-09-09,6b006604-4653,124,41,cancelled
2021,2024-09-04,e355fa97-7f7e,145,50,completed
2470,2024-08-17,fe9b32cc-49c8,122,10,pending
3537,2024-09-22,9712189b-a518,142,5,pending
3007,2024-07-01,229307bd-a9df,118,22,cancelled
3101,2024-08-07,59d12cfd-2201,125,42,cancelled
3230,2024-07-02,9dda3b45-1bf2,135,11,completed
2479,2024-09-08,443a5eb8-1166,142,40,completed
3127,2024-07-12,111970b9-5447,118,35,cancelled
2139,2024-09-03,5cf3a5b9-f5a4,108,10,pending
2128,2024-09-14,d0bc5145-5938,135,18,completed
2335,2024-09-14,a5dd6a61-4cd6,135,31,pending
2308,2024-08-14,1659d475-5a8f,136,3,cancelled
2616,2024-07-20,ddaa1f92-2d77,115,38,completed
2013,2024-08-26,410ef5b7-6486,101,6,completed
2712,2024-07-07,fb5d6cdb-057f,144,2,cancelled
3377,2024-09-25,f2ddeac5-29d2,103,15,cancelled
3371,2024-09-22,f82bcaa7-c029,142,29,pending
2825,2024-08-27,06781768-7430,150,4,cancelled
2412,2024-08-19,6ef3ee45-fd0f,103,16,cancelled
2545,2024-09-28,f137af8b-46ee,115,14,pending
2992,2024-07-20,289eb845-787b,115,14,pending
2779,2024-09-14,9aa379e6-6e1f,141,13,completed
3578,2024-08-02,a562e382-f0ba,118,41,pending
3141,2024-09-13,cd796ea5-b50c,107,46,cancelled
2184,2024-08-10,b32ad00f-c471,135,2,pending
3846,2024-09-06,7cb73aa2-9ceb,118,26,pending
2973,2024-07-18,dcf89d13-7433,118,41,pending
2513,2024-09-27,76da2542-b2f0,125,35,completed
3316,2024-07-20,05a94306-fab3,108,2,completed
2739,2024-09-03,d07f31b3-fdbb,150,7,cancelled
2881,2024-07-15,95b20597-d804,139,26,completed
3615,2024-08-12,0c1ec8cc-db1a,135,16,pending
2070,2024-09-23,9660d27b-6193,142,43,completed
2262,2024-07-08,4dccff8c-1004,115,18,cancelled
3087,2024-08-19,83fdcc03-4a4d,103,26,completed
3269,2024-09-25,2c434fd7-c9a9,148,16,cancelled
3500,2024-07-22,bb7cf8ba-2fe7,114,44,completed
2758,2024-08-16,94ad20c7-ef0a,109,5,completed
3876,2024-09-26,eec4f9b6-0507,110,43,cancelled
2247,2024-08-26,988868bc-8226,128,1,completed
3791,2024-08-24,558dbd62-9916,142,18,completed
3081,2024-07-18,ae308272-7743,128,8,cancelled
3718,2024-09-28,75d6ca08-5d38,103,17,cancelled
2404,2024-08-09,4b2daea8-7abc,129,32,pending
3454,2024-09-25,6ec80c6e-25d9,136,41,completed
2338,2024-08-18,b0c235af-4667,145,39,pending
3959,2024-08-01,5d14c9ab-59c3,145,29,pending
2774,2024-07-08,2429c433-8ce4,142,45,completed
2112,2024-07-24,89ae2c2d-2ae0,101,48,cancelled
3671,2024-09-14,dfd6b9d3-f542,145,41,pending
2951,2024-09-22,d8d38052-91e1,118,30,cancelled
2135,2024-09-21,4519bb9b-77f3,145,18,pending
3289,2024-08-05,fa090c53-6135,115,48,completed
2401,2024-09-16,93820528-9cb0,144,45,completed
3699,2024-07-12,558599cd-614b,116,34,pending
3913,2024-07-26,b8ac5446-b3e2,108,35,pending
2798,2024-09-09,f4f36f12-a5fc,141,23,completed
3550,2024-09-18,f6480403-86dc,142,7,completed
2101,2024-07-31,b8c1187c-edfb,124,41,pending
3241,2024-09-14,f6b085e5-c3c5,150,4,completed
2171,2024-07-27,c6bd8622-7358,116,21,cancelled
2226,2024-08-08,e3fe94a6-611c,124,23,pending
3513,2024-08-08,d0449580-c825,150,49,cancelled
3137,2024-07-19,7663f473-be15,105,33,pending
2329,2024-07-02,dd0f19e1-9cfa,118,18,cancelled
3323,2024-09-01,5fb203cd-6068,148,5,completed
3910,2024-08-31,76789521-b17c,118,16,pending
2939,2024-09-14,e955d51b-bf1c,115,3,pending
3599,2024-08-05,159538ac-89a6,130,44,cancelled
2934,2024-08-17,8be0cfd7-140c,130,39,pending
2894,2024-08-31,1252b454-2df4,124,36,pending
2280,2024-07-18,69ae690b-0d30,115,5,cancelled
2558,2024-08-21,d908f1f9-e03f,142,40,completed
3516,2024-07-12,69230c7f-0c25,128,24,cancelled
3948,2024-09-22,743116f3-46f9,150,15,pending
2282,2024-07-15,f075f9d6-ca59,139,35,completed
2803,2024-07-30,527e9b71-4ad6,141,31,cancelled
2175,2024-08-24,9e10789d-0371,135,19,pending
2135,2024-08-03,86ffc22f-8bc0,101,36,cancelled
3821,2024-08-22,194e78a0-3c91,142,34,pending
2929,2024-09-17,fa9d46d8-d604,135,37,cancelled
2871,2024-08-23,61eb9690-3490,118,11,pending
3748,2024-08-11,c7953b75-f252,150,30,pending
2483,2024-09-30,ddf8bf27-c902,118,18,cancelled
3593,2024-09-22,4ad44e2d-a545,108,10,pending
3625,2024-07-30,d7fa628a-7a1e,108,31,completed
3788,2024-07-18,8f052278-bafe,141,21,pending
3641,2024-08-07,8dfb46e8-2d40,115,49,cancelled
3929,2024-07-05,10db4fda-d77b,122,32,pending
3361,2024-09-14,04384ed0-2883,142,21,completed
2714,2024-07-19,f3f4b073-bcf8,125,5,cancelled
2843,2024-08-09,1e6df350-3d71,115,17,completed
2896,2024-09-04,4d14e3f1-a43b,136,40,cancelled
3346,2024-09-09,a66a8a65-e9d0,110,24,completed
2045,2024-08-25,04b874cb-df92,124,22,cancelled
2541,2024-08-15,e2031042-a963,115,47,cancelled
2256,2024-08-31,a6fc8d18-580e,115,6,pending
3523,2024-09-04,0b0c7710-3b6e,135,46,cancelled
2500,2024-09-15,5480c8f7-7312,137,47,cancelled
3108,2024-08-16,8036ba63-acac,145,21,pending
3397,2024-09-21,ff6c5729-a410,118,11,cancelled
2785,2024-08-21,e647f54b-c7b6,118,41,cancelled
3129,2024-07-19,7ce353ff-a5af,129,14,cancelled
2339,2024-07-25,54c02bc4-ecfb,142,8,pending
3273,2024-07-21,2f033e70-e644,108,31,cancelled
2814,2024-08-24,a134a478-1c40,103,47,pending
3386,2024-09-27,ffa33c9a-1f4f,148,5,cancelled
3855,2024-07-14,e5b8295f-112b,141,43,cancelled
2053,2024-08-08,4ccc5033-d159,108,8,cancelled
2474,2024-09-05,311b1679-4a35,125,12,pending
3379,2024-08-09,a37a7491-b0ff,118,18,completed
2106,2024-08-24,e7298ede-7948,141,12,cancelled
2049,2024-09-27,dc910b12-b794,107,26,cancelled
3797,2024-07-17,1672cef6-1392,135,44,cancelled
3517,2024-08-20,b210fbeb-3342,128,9,cancelled
3368,2024-09-26,5c33eb49-b3c1,135,2,cancelled
2695,2024-09-30,e05d7a09-8c65,105,10,cancelled
2756,2024-07-06,f55d0c07-def4,109,8,pending
2627,2024-07-27,d37d48e7-b3b6,114,40,pending
3541,2024-09-07,237efadb-d45f,137,22,completed
2506,2024-07-31,685abe57-77bb,118,8,pending
2811,2024-09-25,6c18bd9d-a251,135,13,completed
3819,2024-08-14,d8b917ed-da31,130,43,pending
2818,2024-07-14,cec069a9-792d,135,35,cancelled
3889,2024-07-27,05507a75-968d,103,30,cancelled
2041,2024-09-10,7019346a-7f97,139,22,pending
3803,2024-09-28,3e3dc005-e03f,142,25,cancelled
3093,2024-09-01,a975267f-4116,128,48,completed
3420,2024-07-20,4ca2523e-4d7a,150,18,cancelled
2396,2024-08-26,0b45e39f-8e5d,136,44,completed
2920,2024-09-28,8c383458-3b6b,125,8,pending
3463,2024-09-24,b7c76874-0fee,106,43,completed
3989,2024-07-29,33e3fb43-2ee5,141,7,pending
3475,2024-07-25,c737ae7f-45d0,150,5,completed
3072,2024-08-17,a6366b97-9003,144,23,cancelled
2726,2024-07-01,519f33f7-af81,141,21,pending
3627,2024-08-23,896fdadb-4b4b,108,2,pending
3319,2024-09-24,f354917e-ce2e,105,19,cancelled
2302,2024-08-25,bbb53824-878d,115,35,pending
3666,2024-09-14,1684ab54-7484,109,46,completed
2394,2024-07-23,6f9bb50a-ba45,142,45,pending
2682,2024-07-01,b96346e4-fa99,142,21,completed
2649,2024-09-14,0c00fba5-5b82,150,19,completed
2073,2024-08-18,26d1c02b-43b9,144,27,completed
2280,2024-09-22,a5b795ca-3b52,128,48,pending
3993,2024-07-09,75a44be0-01ac,137,2,cancelled
2851,2024-08-30,f5ab8a7c-282d,135,21,cancelled
3983,2024-09-04,16db7096-b172,103,50,pending
3332,2024-08-22,d911c377-5fd9,150,25,completed
3166,2024-07-04,bc713a08-9ab6,144,28,pending
2960,2024-07-08,511b14a3-fc73,109,2,completed
3329,2024-07-15,3c428021-2960,147,2,completed
2974,2024-08-22,df31f1bb-1c58,115,19,pending
3560,2024-07-13,759a72af-cf4b,101,5,pending
3457,2024-09-25,82cee988-fabe,150,7,pending
2328,2024-08-17,d4467572-8a5a,124,48,cancelled
3646,2024-08-16,45bd8252-f53c,128,47,pending
3937,2024-07-15,2bd09cea-b0d1,122,15,pending
2791,2024-08-07,ab08214b-e0f1,142,2,pending
3264,2024-08-01,38a968e7-3bd8,115,33,cancelled
3210,2024-09-28,0e2e72e5-781c,136,6,cancelled
2185,2024-09-18,eb2a7826-c7e9,150,1,completed
3962,2024-07-22,927381b8-8f5f,145,19,completed
3730,2024-07-05,ef9f4c0b-1d3c,125,47,pending
3218,2024-09-10,d2f6abd3-75d5,115,45,completed
3502,2024-09-19,7c77c033-caee,128,18,pending
2965,2024-08-29,5869518e-9a2c,148,26,completed
3463,2024-07-24,07fa8c1c-91ed,145,33,pending
2337,2024-08-21,8da87627-c439,142,20,cancelled
3005,2024-09-10,6d652c13-c38b,128,32,cancelled
2930,2024-08-06,7ef4dc2e-28e2,115,22,pending
2476,2024-07-29,90c096d6-25a3,108,18,pending
2840,2024-09-17,9885f109-0cae,142,30,cancelled
3677,2024-07-31,2cc62b55-fe4e,124,36,completed
2392,2024-07-24,7d85a61c-6ac8,108,36,cancelled
2432,2024-08-13,a6f52338-59f6,150,34,completed
3675,2024-08-25,f4d96776-67d9,136,41,pending
3050,2024-09-30,4ca10410-bb57,125,49,completed
2929,2024-08-03,20f938cc-1c1d,145,14,cancelled
3947,2024-08-14,84149338-55b7,115,22,cancelled
2447,2024-08-15,78b190e6-5834,137,33,completed
3773,2024-09-07,20e16267-9f8b,115,36,cancelled
2946,2024-09-04,9ca5d557-6ab1,115,10,pending
2914,2024-08-27,9d466596-38c9,141,11,cancelled
2702,2024-07-24,ed63bf37-d9b4,103,33,cancelled
2677,2024-08-19,6dd6796e-c507,142,40,pending
3578,2024-07-18,6f343e4a-0316,103,35,cancelled
3482,2024-07-31,e4fb7c7a-983c,107,39,pending
3034,2024-07-31,459ed9c4-5df7,141,38,completed
2004,2024-07-04,bbbfb4fc-f4b9,115,42,pending
3702,2024-07-08,dbf3971b-6e8e,136,48,pending
3746,2024-07-25,7e165599-c02f,142,32,completed
2268,2024-09-26,b7bf9abc-2ad0,118,30,pending
3342,2024-09-11,9658f094-edcc,124,38,completed
3378,2024-09-18,3a3d931a-d36d,137,35,cancelled
2664,2024-08-31,2cd3db37-7e97,106,42,pending
2491,2024-09-20,7f9308cf-ff18,118,1,cancelled
3296,2024-07-11,55b0951d-3367,144,41,pending
2304,2024-08-15,dfa80b8b-f67f,136,3,pending
3276,2024-08-09,68af8829-927f,109,39,completed
3980,2024-09-05,f50b201e-726e,142,38,completed
2301,2024-08-15,1e8ec767-43bf,129,24,pending
3414,2024-09-16,d4759edb-290a,103,8,pending
3602,2024-07-22,063617d0-efaf,130,18,pending
2018,2024-08-18,fb02d41f-7e14,145,30,pending
3400,2024-09-20,7c1041c2-fd79,135,21,completed
3131,2024-09-19,d8fb5d81-dc5d,147,21,completed
2086,2024-07-17,fa2b0d67-7a7c,115,30,completed
2287,2024-09-25,cb3470cb-d23e,135,13,completed
2826,2024-09-03,8170ad86-9359,142,48,cancelled
3011,2024-09-02,00e3e89e-7d5a,118,19,pending
3161,2024-09-13,2ac83ca9-8609,136,20,completed
3103,2024-07-09,284a9959-0ee2,115,12,cancelled
2839,2024-07-15,dbca4592-cf1f,106,10,cancelled
2172,2024-09-25,37a4761c-fb59,115,20,completed
3366,2024-08-17,21822f2d-e779,118,28,pending
2568,2024-07-20,4e12fbf9-d6b4,141,31,cancelled
3423,2024-09-29,984fb076-d184,106,27,pending
3072,2024-09-27,03e8ab8f-ffb7,142,9,cancelled
3623,2024-07-25,a2bc00e3-5417,150,44,pending
3079,2024-07-11,97e878b8-0f4f,118,29,pending
2899,2024-08-08,86e5cd78-2aae,135,43,completed
3232,2024-07-13,0faccc06-7dcd,114,10,completed
2937,2024-08-04,6cbd93d9-455d,135,13,pending
2835,2024-09-30,2ee52c08-357a,135,33,cancelled
3496,2024-09-22,ec12275f-abde,142,43,completed
3243,2024-07-01,586ade67-4a96,124,31,completed
2978,2024-08-30,9718f53d-6483,108,9,completed
2732,2024-07-25,8ce59562-2f9b,124,43,cancelled
2305,2024-07-02,966b328f-b6db,144,38,completed
2261,2024-08-17,99a7c2c4-ce52,141,35,cancelled
2383,2024-08-05,28cf05eb-2407,144,29,pending
3266,2024-07-02,0b009c17-918e,110,26,completed
2692,2024-09-27,244adcf8-ec24,128,12,cancelled
2320,2024-08-27,4fe165a1-1b30,128,44,pending
2292,2024-09-17,ce166244-3012,141,42,cancelled
2547,2024-09-08,66e24f71-10f0,145,35,completed
3040,2024-08-07,6571033e-127b,115,7,completed
2283,2024-08-03,9a4b246d-9ab9,110,11,completed
2835,2024-08-18,7ab5a512-b381,142,34,completed
3296,2024-09-03,3b7bee8b-b7b0,135,44,completed
2072,2024-07-05,fe26eec5-139c,148,39,pending
3071,2024-09-01,37d00f6c-432b,136,1,completed
3280,2024-08-08,6e69405e-1889,141,23,cancelled
3913,2024-07-25,5a5b478f-a5c6,137,24,completed
2915,2024-09-21,4f127b84-6ede,128,26,completed
2173,2024-09-21,7bd96683-be6b,129,39,pending
3529,2024-08-08,9aecc8db-9235,109,9,cancelled
2238,2024-07-31,19ef4f4a-6d75,137,30,pending
3148,2024-09-10,de3904aa-74d1,141,2,cancelled
2595,2024-08-08,01bd5e0c-a3dc,147,45,completed
2337,2024-07-07,cefee71b-b629,142,42,cancelled
2993,2024-07-08,6ee996bc-e77c,145,10,cancelled
2421,2024-08-27,ed58e0a0-b45c,144,21,pending
2984,2024-07-31,23ba83c6-69a0,108,50,cancelled
3889,2024-07-24,13ade724-1295,110,30,cancelled
2891,2024-07-17,d880e0c0-3d1a,145,18,pending
2237,2024-07-01,81daded6-bc26,142,17,cancelled
3522,2024-09-06,b4015609-40f6,136,21,completed
3922,2024-09-29,3dc4173f-ce23,107,12,pending
2647,2024-07-23,72170f36-509a,108,50,pending
3389,2024-07-19,d770efb5-21a1,129,2,cancelled
2642,2024-08-06,6e81958e-479e,101,23,pending
3019,2024-07-02,07334957-cd62,128,45,cancelled
2922,2024-07-19,1ab54cf9-5f08,116,17,pending
3416,2024-08-14,c05c3a0f-ce54,142,7,cancelled
2801,2024-09-12,2654cb52-8261,145,29,completed
2728,2024-09-18,aa492add-86f9,145,38,completed
2391,2024-07-29,972edb92-3e95,115,39,completed
2277,2024-08-20,c5889feb-0ba8,144,18,cancelled
3304,2024-09-17,3f6ee245-a4f9,141,24,cancelled
2546,2024-08-02,2cfd23ba-1003,144,28,pending
2115,2024-09-17,5e40f38d-2800,115,36,completed
2435,2024-09-01,7ef0c5d3-a4f4,128,13,completed
3594,2024-09-19,ae225961-bfc3,137,11,completed
3043,2024-07-03,a161989f-7b26,110,41,cancelled
2295,2024-09-05,9251d111-5bca,141,48,cancelled
2485,2024-07-31,70e83ff5-f3fc,144,22,pending
2689,2024-08-04,b1f2d4c6-3219,147,31,pending
3548,2024-08-28,250d299a-c264,130,47,cancelled
3314,2024-09-26,6a05a369-f21a,145,47,pending
2803,2024-07-01,0706e6ae-a8f2,139,15,completed
2784,2024-07-21,c726968e-94fb,106,39,pending
3367,2024-07-05,8997d96a-b674,135,4,completed
2126,2024-09-27,3e21eb16-6447,145,47,cancelled
3917,2024-08-08,d2cbf9ed-71c3,144,3,pending
2457,2024-08-04,94dabe2d-1de2,114,10,completed
3345,2024-07-06,1fcfd3af-8e29,147,29,completed
3783,2024-09-01,8cf15faa-13e2,141,40,completed
3832,2024-07-20,c3bb4806-b70d,145,4,completed
2722,2024-07-05,af5d0271-4d22,118,49,pending
3813,2024-08-05,0f7978b6-3cc0,139,35,completed
3290,2024-07-29,9fedb02a-d367,150,37,completed
3053,2024-07-26,de526cf3-d059,109,26,pending
3352,2024-08-11,0124375c-500c,128,14,pending
2960,2024-07-27,1c588896-6f94,150,23,pending
2515,2024-07-08,e5ea4165-2c2e,118,35,cancelled
2168,2024-09-26,866fdf5d-ca2f,144,32,cancelled
3001,2024-08-17,10fc0866-4bc0,136,47,completed
2784,2024-09-17,2617360c-cdf3,141,25,completed
3887,2024-08-21,ab4c61ab-cee5,101,28,cancelled
2949,2024-08-26,baa39617-08db,147,5,pending
3536,2024-07-30,9d8263c9-7dd2,108,6,cancelled
2386,2024-08-03,514be8e7-6466,141,25,cancelled
3106,2024-07-23,b9060ff0-1e3a,114,48,completed
2431,2024-08-08,37c30102-640e,147,12,pending
3061,2024-09-21,3cb66636-5213,129,33,cancelled
3409,2024-09-01,39117456-40a7,128,8,completed
3276,2024-09-18,c9c85210-576c,118,2,pending
2745,2024-07-27,1b238f09-ae6c,124,6,cancelled
2742,2024-09-09,d6646195-14e9,128,22,completed
3433,2024-09-02,80027e56-aca6,145,17,pending
3698,2024-08-29,ac9f651a-cbf3,144,50,completed
3838,2024-07-31,8aa4f884-c550,124,25,pending
2164,2024-07-25,d7ee219d-634f,101,9,pending
3488,2024-09-18,44462c43-6f33,145,47,cancelled
3689,2024-08-29,4485cef4-b1fd,101,45,completed
2339,2024-09-03,e5224775-6236,114,20,cancelled
2458,2024-08-05,25231c7b-ef35,142,12,cancelled
2335,2024-07-24,a05dcde1-bac3,144,5,completed
2611,2024-07-22,90f3d009-755e,144,6,pending
3063,2024-07-04,666aae53-3145,115,37,completed
3046,2024-09-09,b6747625-eed1,128,4,pending
3188,2024-07-19,a174738c-06eb,124,45,completed
3130,2024-07-15,9977221f-6bd3,128,35,cancelled
3591,2024-08-17,d4740549-24ed,145,7,completed
2169,2024-09-04,18efdcc2-3fd3,122,47,cancelled
3875,2024-08-03,e4e598ed-402c,103,37,completed
2643,2024-07-07,12a986e1-7289,150,29,pending
2640,2024-07-07,a96b0a88-7e13,135,44,completed
3219,2024-08-10,a356cfbb-72c5,124,43,completed
3038,2024-09-28,e4b13483-1905,137,25,completed
3132,2024-09-15,96eec4f9-dae7,129,47,completed
2593,2024-09-02,5fd35c4f-9bf4,118,18,pending
3631,2024-09-13,c896db8b-8750,108,30,cancelled
2493,2024-09-19,5b8487fd-0fe7,103,31,cancelled
3011,2024-08-26,49d184d3-4f82,107,15,pending
3793,2024-07-16,7ce0fedc-6d59,128,10,cancelled
2742,2024-09-27,7f1e8201-7685,118,7,pending
2767,2024-09-17,633a8ef3-8354,144,43,cancelled
2959,2024-07-19,ed01f9de-8380,124,12,cancelled
2375,2024-07-05,6909fff0-0c20,136,9,pending
2911,2024-09-19,eca36373-39a2,141,9,cancelled
2901,2024-07-02,651b2a59-9029,105,5,pending
2501,2024-09-23,df152480-1af8,144,2,completed
3273,2024-09-06,72d8e7c4-2fd3,144,31,cancelled
3375,2024-08-14,500e31f2-f42f,129,5,completed
2172,2024-09-04,1660e781-9655,115,41,cancelled
2196,2024-09-18,9efdad0d-751e,142,18,completed
3502,2024-08-11,bfec75ad-b854,118,13,cancelled
3754,2024-08-19,acd64ed1-7a41,135,28,completed
3720,2024-07-25,6f731fb6-c767,103,17,cancelled
2130,2024-09-18,d5d31144-d1fa,147,16,completed
2750,2024-09-05,eaaea42d-d7f8,142,46,cancelled
3512,2024-07-06,26b08beb-e8c2,139,47,pending
2644,2024-08-11,7c59d4b6-7baa,145,42,pending
2623,2024-07-03,6f584320-5b88,136,27,pending
2618,2024-07-20,8aaa6a32-971f,142,6,completed
3269,2024-07-31,6dc21873-bed3,109,3,pending
2409,2024-08-03,54e13e41-889f,130,23,completed
2219,2024-08-27,5df44d1d-b8ab,137,45,pending
3396,2024-08-22,f776cd4c-8ca5,125,29,pending
2368,2024-07-07,1fa63c5a-3da7,116,18,completed
2311,2024-09-25,089f2cca-7a8a,116,13,pending
3061,2024-09-11,10e2325a-9d90,130,31,pending
3447,2024-09-07,40e41f58-057c,115,42,pending
3187,2024-08-02,1438b327-8470,135,5,pending
3921,2024-07-14,e318378e-d0bc,148,29,completed
3364,2024-08-02,a5f1836b-92c2,103,43,pending
3056,2024-09-07,012d535a-6266,106,17,pending
2055,2024-09-30,010cbbec-94b6,141,19,completed
2629,2024-09-09,706a25b3-0fbf,137,34,completed
2163,2024-08-03,0d75cbce-78fd,103,32,pending
2778,2024-08-17,5b49cec0-fa66,115,15,completed
2554,2024-08-05,ab9af30f-398c,108,10,completed
3161,2024-07-11,e23821ae-483c,142,21,cancelled
2331,2024-08-12,0d4bbd14-5e1a,101,35,completed
2996,2024-09-11,fb21f61e-b549,139,38,cancelled
2310,2024-09-20,634f70ff-29ff,144,45,cancelled
2042,2024-07-04,030bad3d-5a96,142,22,completed
2194,2024-09-06,1487bed1-0174,135,18,pending
2608,2024-08-06,5b6a87f1-cb33,124,41,cancelled
3432,2024-07-28,abc22678-bf03,103,16,cancelled
3551,2024-07-03,b882bd1a-9a34,150,20,cancelled
2557,2024-08-23,b0721d38-22cd,128,4,pending
2358,2024-08-04,30a81bd2-0fff,103,4,cancelled
3549,2024-07-08,06032fbc-f9f3,118,40,cancelled
2503,2024-08-31,afed5997-78a5,128,42,completed
3959,2024-07-09,e60b634e-07ca,118,16,completed
3646,2024-08-04,4a069a4f-0292,137,33,cancelled
3219,2024-07-16,b9a8de11-eaf1,148,35,completed
3451,2024-09-24,265e0c98-8b3b,144,42,pending
3240,2024-07-25,f129bca1-d2ae,124,7,cancelled
2459,2024-08-17,005a3ce6-7bcd,142,10,pending
3724,2024-08-06,7a222691-5846,142,23,pending
2111,2024-07-10,08c619ba-c553,141,19,completed
2987,2024-07-06,8861926c-c958,124,12,cancelled
2536,2024-09-13,630ff692-0e94,108,13,pending
2154,2024-07-20,f3d70d4c-b348,118,33,pending
2669,2024-09-11,6b0b9857-c179,147,19,cancelled
2773,2024-09-07,6bf11210-c898,139,6,pending
3586,2024-09-22,cf731bc2-afd5,124,28,cancelled
2122,2024-07-05,5a72fd86-7f25,110,36,completed
2972,2024-09-28,bfe2a3e1-6450,125,20,cancelled
3763,2024-08-01,5fa0600b-287c,135,38,pending
3736,2024-07-11,f0b6effa-56ab,125,33,pending
2261,2024-08-13,8ed976bf-7d54,103,27,cancelled
2449,2024-09-03,93241d00-5d5c,115,4,cancelled
2529,2024-08-23,528403d0-95b3,136,29,pending
3896,2024-07-08,42b24c13-1b15,144,23,cancelled
2578,2024-09-28,29699f2b-13c2,145,16,pending
3702,2024-07-19,7ea1efaf-1f4c,150,5,pending
3326,2024-09-28,97cfdd5b-bdc3,122,35,completed
3831,2024-09-27,1df13ee5-061f,145,46,cancelled
2671,2024-08-02,99108d47-0ee7,129,44,completed
3716,2024-08-06,1d4839b0-a4c0,115,40,completed
2558,2024-08-05,6210d4d4-6185,118,2,completed
3500,2024-09-01,051d4bba-4e22,101,41,completed
3396,2024-07-12,083d7d4c-9541,115,8,cancelled
3477,2024-07-04,bc371841-4ad8,142,13,completed
3185,2024-09-17,a70f4a8f-42a0,142,6,pending
2327,2024-09-29,5be10dff-8eb3,118,28,completed
2783,2024-07-29,29da3703-7b69,147,27,cancelled
3905,2024-07-16,de1f4fce-d51e,130,45,cancelled
2556,2024-09-28,d3ea610d-5536,118,36,completed
2520,2024-07-11,ef6ecebe-6399,107,47,pending
3664,2024-08-30,159dd9ca-4804,141,6,completed
2188,2024-07-27,82eadfe2-6f6d,115,5,cancelled
3352,2024-09-14,d6331fc8-8b69,124,12,cancelled
3241,2024-08-25,99b9aa56-1dc2,110,43,pending
2609,2024-07-08,5786290a-6c7e,124,17,cancelled
3890,2024-08-18,656681ce-d49c,144,38,pending
3318,2024-08-25,4c401bbf-bdda,115,28,pending
2909,2024-07-15,e9ff91a4-1056,124,20,pending
2425,2024-09-09,7b18ee7a-5f1a,116,32,completed
2611,2024-08-17,eb3d4662-a531,129,25,pending
2060,2024-07-23,34958352-4d59,114,44,pending
3201,2024-08-19,0f92642f-2da4,142,13,cancelled
3275,2024-08-08,7a00391f-0d54,136,28,pending
2790,2024-07-25,049f0bb3-0548,139,39,cancelled
3124,2024-07-31,b0c18738-3a3d,115,7,completed
3131,2024-07-13,4cf48140-7c88,110,48,pending
3730,2024-08-09,209de8f7-8654,109,10,cancelled
2604,2024-07-25,c5436dbd-82b3,118,38,pending
2742,2024-09-22,b1f537ea-3807,144,28,cancelled
3709,2024-07-23,b36bef36-95ac,129,29,completed
3522,2024-07-26,32a5edc4-7012,103,43,cancelled
3376,2024-09-27,3c984076-05b7,118,15,completed
3006,2024-07-19,3a6af87e-e6e9,141,10,completed
3694,2024-08-30,738d8e73-dcc3,118,8,completed
3392,2024-07-14,b7cabda0-671e,130,9,pending
3339,2024-08-09,a6afa422-b784,141,6,cancelled
2523,2024-09-02,54dc841e-4994,147,47,pending
2814,2024-07-02,7d766345-23db,122,40,pending
2392,2024-07-20,c9e1307c-687a,118,50,pending
2567,2024-07-12,2fc131b8-1df1,144,8,pending
2679,2024-07-05,df548985-900d,114,38,completed
3148,2024-07-12,c42a08c7-4910,115,17,pending
2736,2024-07-23,063e653e-c742,118,35,pending
3692,2024-09-09,dca1ea4b-6b85,106,48,completed
3244,2024-08-27,b470dc3c-d2eb,129,35,completed
2014,2024-08-17,febd9ab1-ed4c,108,18,cancelled
3429,2024-07-12,d2d4e0c6-e42b,116,40,pending
3610,2024-07-03,e6eaba10-077f,142,2,pending
3664,2024-08-22,4e14fb4e-5a1f,136,14,pending
2847,2024-08-31,d9cd118d-267a,118,11,pending
2442,2024-09-05,b58d7d9e-d3b9,107,38,completed
2341,2024-08-22,17b3020d-7612,118,25,completed
2178,2024-08-01,ee253b84-0dd1,148,16,completed
3981,2024-08-08,50247541-ad78,101,28,completed
2287,2024-09-20,4d212a8e-dc5f,108,8,cancelled
2320,2024-07-14,7238947b-9803,150,29,completed
3703,2024-09-09,a044f71d-b18e,125,42,completed
2739,2024-07-30,b506a4c1-da30,130,11,cancelled
3460,2024-07-07,00e6e561-eb57,124,41,pending
3801,2024-09-17,88503546-b031,107,38,pending
3540,2024-09-18,6406858a-c655,118,7,cancelled
3858,2024-09-29,085e5e2a-4f1b,142,12,cancelled
2504,2024-07-23,261b990b-8359,101,39,cancelled
2046,2024-07-25,6ff89e68-24bf,145,30,cancelled
2592,2024-07-07,7cd70a10-81b4,125,29,pending
2243,2024-07-04,e0218bc2-32c7,118,28,cancelled
3336,2024-07-31,ddbc2313-50e0,125,23,completed
3725,2024-09-20,ff9df826-4e4c,124,20,cancelled
2314,2024-07-10,c5be77be-6305,110,36,pending
3866,2024-07-17,64172afe-c6c4,141,3,pending
2599,2024-07-25,03ea3acd-42f6,144,10,pending
2473,2024-08-17,1a729ba7-1520,144,40,completed
2012,2024-09-25,b3142567-27c9,103,17,cancelled
3271,2024-07-13,6ac889dc-e777,118,3,completed
3734,2024-07-25,ca14d539-f2c7,130,42,completed
2204,2024-08-05,5b4626df-75ca,145,48,pending
3174,2024-09-25,ddd4a67a-280e,103,38,completed
3525,2024-08-27,65431af2-ea7e,150,23,cancelled
3692,2024-07-22,54977eee-d852,142,18,cancelled
2463,2024-08-21,5f114151-bcc4,109,34,pending
2470,2024-07-28,776caafe-e638,135,16,pending
2708,2024-07-27,7357154f-158e,115,47,pending
2533,2024-09-28,498761e7-67aa,148,20,cancelled
3606,2024-07-08,bc9d64ed-0378,142,37,completed
2742,2024-07-17,5a6a6075-3aa3,115,26,completed
2289,2024-08-10,e459d9b1-d3cc,124,43,pending
3465,2024-07-01,d03e923e-1226,114,13,pending
3105,2024-08-16,db941fb3-ab6a,144,31,cancelled
2818,2024-09-18,8aa0a1c8-00ab,125,1,completed
3907,2024-09-20,8c1a8797-8f5c,115,38,cancelled
2658,2024-08-27,aa3b8376-324a,142,1,completed
3298,2024-07-20,a5bf6834-bf45,135,45,completed
3496,2024-08-26,24c7b9f4-7f7f,105,42,completed
2755,2024-08-04,75ea1133-0423,115,35,pending
3759,2024-07-11,d75877ae-8b96,110,23,completed
3689,2024-07-10,5a8174a0-c981,130,17,cancelled
2369,2024-08-30,30a24237-7589,103,3,completed
3021,2024-09-21,3466fe61-ea54,145,2,pending
3227,2024-08-19,8b4e12fb-c1b3,144,26,cancelled
2977,2024-08-31,249b507c-60d7,128,4,pending
2799,2024-08-29,ddbf5b80-7acd,103,5,pending
3626,2024-07-04,892efb00-dd96,135,37,pending
2954,2024-08-25,1b506a1f-0edb,106,28,pending
3405,2024-08-09,aa3246d7-4274,139,21,pending
2176,2024-07-21,9d71d5ec-97f9,124,41,completed
3713,2024-07-15,f0b9e129-8ab0,147,30,cancelled
2880,2024-08-26,b8568e14-9c25,115,24,cancelled
2065,2024-08-18,b9e2db88-0b9f,135,6,pending
3647,2024-08-11,fd0cf2f9-bf68,148,23,completed
2384,2024-07-20,13420739-35de,114,15,completed
3675,2024-07-27,3f597580-66f7,110,16,completed
3012,2024-08-09,4cf77f1e-421a,129,50,pending
3587,2024-08-07,ddcbe740-4a73,142,27,completed
3084,2024-09-14,1b82eeb6-a59b,125,19,completed
3217,2024-09-28,2be9df17-737b,128,1,pending
2037,2024-08-12,4320569a-52e9,141,42,completed
2915,2024-09-14,0c1ce4c3-192c,128,13,cancelled
2580,2024-09-20,020f73b8-b1da,124,32,pending
3077,2024-07-31,6fab8665-ddf2,144,6,cancelled
3374,2024-08-29,d792bcef-1f5b,118,30,pending
2041,2024-08-14,c188c7d4-aa3f,118,37,pending
2361,2024-08-16,b356cfde-db74,114,37,cancelled
3718,2024-08-18,8e609f56-50e9,135,22,cancelled
2013,2024-09-18,5655023f-ace2,135,35,pending
3752,2024-07-18,de0ef536-9fb1,109,18,cancelled
2484,2024-09-14,9be2e82a-005e,144,40,cancelled
3369,2024-09-12,5b6fc0c8-3955,115,47,completed
2233,2024-08-03,3bbc8806-b688,106,50,cancelled
2325,2024-08-06,6a6dcb0c-df74,136,26,pending
2041,2024-08-15,a31f52f0-2d30,141,9,completed
2679,2024-07-21,a8b33ce9-ecfc,147,48,completed
3259,2024-08-04,3a9d6d24-441b,107,11,pending
3375,2024-08-26,64df6c08-e2ee,101,18,cancelled
2943,2024-07-21,ed3c3bb2-97da,109,19,pending
3291,2024-07-29,b613a11e-edc8,139,35,pending
2194,2024-07-25,cd83e035-61e3,145,8,completed
3897,2024-09-01,73894735-aa15,118,1,cancelled
2860,2024-08-06,5132fc56-7252,136,44,pending
2767,2024-09-14,98a33c51-2ab2,108,34,cancelled
2906,2024-07-18,4ec6dacc-d5aa,141,28,cancelled
3624,2024-09-28,578299f7-3ab1,116,22,pending
3471,2024-07-30,999aa413-e784,118,25,pending
3860,2024-09-28,f543905e-c4cb,109,5,completed
2958,2024-08-19,36a5c8d7-c2e3,118,22,cancelled
3279,2024-09-13,ac46efc2-7cce,103,41,cancelled
2022,2024-08-04,fefd9b4f-634e,118,2,cancelled
3416,2024-09-06,0e02f29d-5de5,150,27,pending
2250,2024-08-09,95d294b8-fc1f,141,34,completed
3852,2024-07-08,2602efea-abed,142,11,cancelled
2395,2024-09-09,9a779947-b25b,124,50,cancelled
2105,2024-07-28,f0b721c1-3e51,150,35,cancelled
3690,2024-08-29,cac2d8a1-4c51,116,46,pending
2049,2024-07-10,f90993c9-8773,115,10,pending
3720,2024-08-24,07fea801-40c9,145,33,pending
3325,2024-08-15,d0b0d09c-4bbd,129,2,cancelled
3687,2024-09-19,537bd10b-2ca2,128,10,completed
3590,2024-08-07,4adc583e-e830,129,22,pending
2233,2024-09-18,efa59979-d2ef,148,6,pending
2239,2024-08-04,c9bc1691-a2ea,114,49,cancelled
3207,2024-09-28,f2a5b13b-e2bc,141,15,pending
3504,2024-08-26,57c5b732-d34a,115,3,cancelled
3522,2024-07-31,98ba0866-744a,135,39,completed
3336,2024-08-17,d1e3ee77-ad90,118,50,cancelled
2038,2024-07-01,9132c15c-d3b6,105,8,cancelled
2700,2024-07-12,534952e4-aa1c,124,13,cancelled
2205,2024-09-25,60dd0cd3-3b5c,116,15,completed
2284,2024-07-30,14cc817e-9012,105,35,pending
3035,2024-09-27,359390db-9b15,118,21,completed
3601,2024-08-12,7eb2af35-c3c1,115,4,pending
2621,2024-07-26,60e4258b-4510,147,30,cancelled
2472,2024-07-20,e4991429-6f2f,150,18,pending
3222,2024-09-24,aa163b70-fa86,106,11,completed
3375,2024-07-21,e5100910-5b4f,108,4,cancelled
2584,2024-09-10,6a1987de-da60,118,14,pending
3800,2024-08-27,1df4d1ff-3cdd,118,35,pending
3013,2024-07-06,91062012-12f7,116,8,pending
3732,2024-08-14,6ed06904-61cc,118,28,pending
3323,2024-07-05,5a86ac00-8cbe,144,41,pending
2409,2024-08-30,59598a1a-cf82,142,16,cancelled
2749,2024-09-13,bd5d8308-f227,142,35,pending
3256,2024-08-23,653dbdae-28d3,114,28,pending
2165,2024-07-28,2865bdbe-3e7e,110,32,pending
2399,2024-08-08,2646ce66-4c49,139,1,pending
2036,2024-08-08,16a9e06f-7ae6,125,48,cancelled
2774,2024-07-18,649230bc-92bf,141,15,pending
3061,2024-08-13,db5bb72d-b725,144,12,completed
2274,2024-07-19,859554c1-7ff2,142,17,pending
3207,2024-08-21,3d378ed9-3486,115,19,cancelled
2437,2024-09-14,fd4d8ba6-784d,128,26,pending
3132,2024-08-29,a48feb65-59e4,144,39,pending
3300,2024-08-31,eceb0212-99b6,136,25,cancelled
2445,2024-07-09,fc155532-7580,128,27,cancelled
2544,2024-09-13,a45ecac3-d020,141,18,completed
3078,2024-09-03,840d420d-8ade,118,38,pending
3516,2024-08-26,3e825cdd-34ee,137,13,cancelled
2041,2024-07-06,c3254c8d-d566,107,23,completed
3465,2024-07-24,f170755f-484b,136,44,cancelled
3085,2024-09-15,94e74f49-202d,110,50,completed
3142,2024-09-03,84b41de4-e6a8,137,46,completed
2739,2024-08-07,563a51d4-9bbd,101,44,cancelled
3012,2024-09-09,af50390e-b5d9,137,13,cancelled
2485,2024-08-28,6155b0f8-38c8,142,39,cancelled
2308,2024-07-10,6b3b1ce7-762c,144,31,pending
2329,2024-07-09,3f218755-0bc1,141,9,completed
3589,2024-07-28,7887e090-b236,141,46,pending
2017,2024-07-26,47444f1b-489c,150,21,cancelled
3090,2024-08-04,d6ca0e3b-ce7f,135,3,completed
2369,2024-09-03,d263fd9c-4133,125,30,pending
3476,2024-09-27,72c5529c-09f3,150,29,cancelled
2821,2024-07-05,b5f2f709-2449,115,6,pending
3883,2024-09-24,e8c0d1d5-9c71,115,35,cancelled
3034,2024-08-28,2e4f6e61-546c,115,16,completed
2829,2024-07-07,0f886925-269e,150,40,cancelled
2584,2024-08-08,89598ea4-7213,148,31,cancelled
3856,2024-08-16,cb246e50-a958,124,20,pending
3105,2024-09-20,08f1928b-e6da,142,8,pending
3530,2024-08-30,a3d28ab8-cbea,115,27,cancelled
3168,2024-08-29,1a999166-3b83,115,38,pending
3878,2024-07-23,7f020af6-2d4e,114,34,pending
2186,2024-08-14,1e756dae-da83,114,31,cancelled
3132,2024-07-12,c55084f1-15b0,142,14,completed
3749,2024-07-14,bc2bec8e-1035,136,7,completed
2776,2024-08-27,4c33277d-0e2d,136,20,completed
3881,2024-08-29,3a22aa91-ef68,103,20,pending
2499,2024-09-26,53469482-4568,110,44,cancelled
2526,2024-09-03,89da4780-fbcc,115,45,pending
2982,2024-08-25,0d744ee4-c6ef,141,48,cancelled
3008,2024-08-27,315758b4-bd2b,122,18,pending
3020,2024-07-12,46cda0fa-d9c0,122,11,pending
2881,2024-08-30,5327d25c-7390,101,40,cancelled
2566,2024-09-03,55db74a4-63f3,124,49,pending
3536,2024-07-04,39cac352-5e6c,110,46,pending
2169,2024-09-15,499be4c5-e2b8,103,15,pending
3046,2024-07-20,1a75a0a6-123a,148,31,pending
2295,2024-08-15,61ebabbf-a483,135,6,pending
3464,2024-09-10,993ccbec-ea16,142,37,completed
2207,2024-09-27,176d387c-278c,118,46,pending
3615,2024-09-11,a4caec05-766c,125,9,cancelled
3799,2024-08-06,0fbfa00a-829f,109,20,completed
2181,2024-07-26,3fb90ec5-689f,116,17,pending
3491,2024-09-07,f3da4da1-a6a5,141,15,completed
3762,2024-09-24,9de89d2a-9a44,122,31,completed
2331,2024-07-08,aae4b4ae-a6c8,142,50,pending
2785,2024-08-26,ef31eeae-2a16,135,3,cancelled
3404,2024-07-20,12f554b6-d42a,145,25,pending
2140,2024-09-24,d7aa86dc-9a25,115,4,pending
2828,2024-09-13,68e9b147-7452,115,13,cancelled
3506,2024-08-29,4e8ea4da-32b3,114,2,cancelled
3867,2024-07-19,3b6c7390-6ad6,122,16,completed
3671,2024-07-22,32f2e1f3-21ce,141,9,cancelled
2695,2024-07-27,5ec77282-8ae8,118,39,pending
3415,2024-07-17,89b26575-726d,118,33,pending
3207,2024-07-17,4e02bb61-4054,115,45,completed
3310,2024-07-02,5bf14d89-f45a,103,24,pending
3736,2024-07-13,f18fe737-a457,115,36,pending
2957,2024-09-24,69c147fe-4034,128,37,pending
3688,2024-09-03,7c50a89f-ac73,145,3,pending
2468,2024-08-30,3d469871-651c,136,18,cancelled
3691,2024-09-11,958dea28-75cb,105,47,completed
3508,2024-08-22,3639ff85-3e2f,142,1,pending
3914,2024-08-13,bba60224-50d3,128,34,cancelled
3084,2024-07-12,ddb31f6e-e779,147,45,cancelled
3083,2024-07-03,5a06a140-24ca,118,43,pending
2384,2024-08-07,ca791bfb-1a4e,141,45,completed
2599,2024-09-18,9c08d33d-1c11,141,43,cancelled
3693,2024-07-05,9fa8e027-afce,118,50,cancelled
2285,2024-07-01,bf8770b5-6a59,114,3,completed
2444,2024-09-24,43224af0-6211,106,13,pending
3099,2024-07-17,d9010b2b-93a8,114,10,cancelled
2643,2024-07-27,d2d491ab-6bd0,110,19,pending
2333,2024-08-29,bf805a8a-1c18,124,16,completed
2264,2024-08-08,3819b857-abcc,135,11,completed
2131,2024-08-30,caadc4e0-52cc,135,5,completed
2010,2024-08-23,b8bdf819-7aee,118,29,completed
2648,2024-07-17,cab68f11-75cc,144,14,completed
3595,2024-09-20,3a2b3dc8-db09,136,18,completed
3614,2024-08-09,26948a4a-ac47,122,8,pending
2881,2024-08-09,2ce9f9fe-e88d,128,9,pending
2789,2024-09-17,86a1687e-23cc,114,9,completed
3235,2024-09-14,32b56884-a5e5,107,21,completed
3047,2024-09-29,e27e4162-a5c1,148,40,pending
3873,2024-09-12,3a412cd3-31ea,141,28,pending
2974,2024-09-18,cc259763-bb30,142,31,pending
2317,2024-09-09,43a67d09-23e0,145,31,cancelled
2431,2024-09-29,e9ce2d82-91fa,144,44,pending
3968,2024-07-07,ae5384e8-08ae,105,48,pending
3762,2024-09-23,22fc5dda-0e0a,114,35,cancelled
3651,2024-08-01,f376bce9-71de,103,1,pending
3469,2024-08-14,e9948b5d-5a98,105,35,cancelled
2470,2024-07-12,5ae5002f-ee1d,137,11,completed
2214,2024-09-13,20727da9-821f,109,46,pending
3058,2024-07-23,c7ecdf8a-15d6,141,33,completed
2841,2024-09-01,218c7d4d-003b,139,24,cancelled
3654,2024-08-15,ca4666fa-f647,135,23,pending
3411,2024-08-06,a6c8d277-fe55,136,23,completed
2141,2024-07-25,c067987c-e699,136,45,cancelled
3270,2024-08-28,b9854f64-42aa,118,34,pending
2237,2024-07-14,96ea66a3-ccc4,141,11,completed
2647,2024-08-25,f20116b5-c595,142,44,completed
3709,2024-08-06,25322418-401b,141,9,completed
2318,2024-08-22,2dae66c6-7024,141,23,cancelled
2486,2024-08-11,27ef2b65-f734,128,25,completed
3611,2024-08-18,3d98925e-aa88,116,6,completed
2245,2024-08-07,80e575eb-42aa,103,14,completed
2783,2024-09-30,b188d8e0-e0c8,142,23,cancelled
2900,2024-08-17,89381044-a25c,103,3,completed
2375,2024-09-21,8cb1d6d8-0e64,141,20,pending
3288,2024-08-17,443bf44b-3382,118,2,pending
2214,2024-07-29,fbe2833e-6720,150,50,completed
2855,2024-09-12,b5b12ee5-738e,136,5,cancelled
2355,2024-09-19,25549291-2a0c,145,16,cancelled
2395,2024-08-08,57fa2fae-237e,118,14,completed
2884,2024-08-13,eb7ef068-3c54,139,39,pending
2012,2024-07-29,f1d24df4-e942,142,16,pending
2341,2024-09-12,0d9cc064-e25d,118,31,completed
2407,2024-09-21,11235b16-8c97,115,50,cancelled
3108,2024-08-20,8136b4c0-116c,106,43,pending
2323,2024-07-09,8b79496b-a575,144,36,cancelled
2010,2024-08-22,14e2fd2f-7ec2,128,50,completed
2777,2024-09-10,1d9865e4-4d9a,106,19,cancelled
2790,2024-08-14,8b7cacc1-cbf2,147,27,cancelled
3075,2024-09-14,eafa0ef6-9606,144,3,completed
2438,2024-09-06,042ec0f0-16b4,144,16,completed
2335,2024-07-25,da753fd9-a17c,135,21,completed
2991,2024-09-19,f33d43f0-7608,130,4,pending
3714,2024-09-22,b133a1c9-b7c2,144,9,completed
3752,2024-09-18,7d9b9522-9cd2,118,15,completed
3561,2024-07-04,d0d8e708-d2ef,106,13,completed
3271,2024-09-05,7f868e59-9d57,142,26,cancelled
3829,2024-08-23,316fbf19-68c8,118,32,cancelled
3268,2024-07-20,1adb9e85-73f2,128,20,pending
3011,2024-07-24,1933b315-2e3e,135,46,completed
3878,2024-08-06,12df4eed-e3e6,144,42,pending
2771,2024-09-26,b22e71e2-d77d,136,28,completed
3976,2024-08-10,af372257-19b7,124,20,cancelled
3124,2024-07-14,8a3041e7-f017,129,2,completed
3287,2024-09-11,92c2711e-0338,141,41,completed
2392,2024-08-12,2c9a9386-4b0e,125,49,pending
2447,2024-09-13,bf54da5f-5247,101,43,completed
2536,2024-07-05,ae5315ec-a040,141,45,pending
2540,2024-09-07,2fb32b5a-6dcb,142,22,pending
3934,2024-07-30,0b0dd9d0-4a72,118,21,pending
3330,2024-07-07,1779bffe-8ad4,129,28,cancelled
2076,2024-07-11,ae04f897-581a,115,43,completed
3324,2024-08-07,075e1855-f354,103,46,pending
3861,2024-08-15,ad21b207-3685,108,41,cancelled
2609,2024-08-15,5576b343-a62b,139,3,cancelled
3814,2024-07-25,991f3273-b843,110,26,pending
3044,2024-09-30,eb9abaa9-ef7b,115,11,pending
3042,2024-08-12,4599aaf5-99d7,135,39,completed
3275,2024-09-26,326f7d34-bd19,150,21,completed
3226,2024-08-16,f6517b9d-7949,118,27,cancelled
2138,2024-09-16,18455049-00f0,125,34,pending
3652,2024-08-21,09d39293-84c6,106,13,cancelled
3689,2024-08-22,0ff87950-33e5,128,8,completed
3134,2024-08-18,a09beff0-342a,137,48,completed
2476,2024-07-17,f61c65d5-ed95,135,23,pending
3127,2024-07-27,857efe43-ddc4,114,4,completed
2875,2024-08-14,b0c1a2b3-1593,135,17,completed
2937,2024-08-19,7b49e301-b66e,150,35,pending
2378,2024-09-05,8f97d7b1-ebac,118,6,pending
3656,2024-07-20,d08add4c-98d6,137,20,completed
3024,2024-08-09,08f23971-3d25,115,25,cancelled
2122,2024-07-25,fd4352e5-4c2b,118,37,pending
3894,2024-09-06,c64b7244-74ac,101,45,completed
3573,2024-07-30,bdfc2d26-b541,103,16,completed
3431,2024-07-19,08b8a87a-bb94,130,15,cancelled
2203,2024-07-15,95bac9a9-1402,124,33,completed
3071,2024-07-21,9b0b18b9-0bc1,124,12,cancelled
3373,2024-09-11,617b6b8b-9d32,135,26,completed
2164,2024-07-29,11497930-64eb,150,42,pending
2160,2024-09-08,92d006f4-8937,136,38,pending
2689,2024-08-29,99800d03-81b5,142,10,cancelled
3331,2024-08-18,b52cafa8-0a5e,144,21,cancelled
3819,2024-08-12,d04980a8-9e24,124,1,completed
2629,2024-09-26,48005c9f-b098,124,8,cancelled
3186,2024-09-04,dd43d9d7-fca3,125,19,completed
2620,2024-09-24,3b3704d9-daa4,135,18,cancelled
2330,2024-09-23,b208d53d-9831,141,39,pending
3901,2024-07-09,1526f3e8-a381,108,43,pending
3219,2024-07-10,6c5fd702-d305,150,30,pending
3379,2024-07-16,51b50491-201c,128,13,pending
3629,2024-09-05,4f8afb72-1f4a,107,23,completed
3498,2024-09-04,cccd5879-7aeb,114,3,cancelled
2258,2024-09-09,7a4d7ff2-ff2d,139,17,completed
2276,2024-08-28,3d2d6fce-48c2,115,26,completed
2713,2024-09-10,a7835be4-ae6c,148,13,pending
2453,2024-07-18,2f34dce2-ca4a,144,23,cancelled
2108,2024-08-17,4bd90f0f-c2b5,124,13,pending
3366,2024-09-09,88be5c00-b534,109,10,cancelled
2994,2024-08-06,49472a20-8bc2,118,29,pending
3858,2024-09-23,93b07fdd-1e8d,141,41,completed
3573,2024-09-25,6967c61a-5a42,144,32,completed
3116,2024-07-03,c03ea9cc-9b30,114,22,cancelled
3511,2024-07-12,8dded743-dbbf,125,38,pending
3349,2024-09-02,8e2199ad-676f,141,3,cancelled
2799,2024-07-07,d3d45c03-5541,130,49,cancelled
2588,2024-08-24,f17fcc2c-bd0d,109,29,cancelled
2876,2024-07-03,85aac51c-7070,116,29,pending
2595,2024-08-30,f739da48-7695,136,49,pending
2662,2024-09-07,efd16b0e-ccf1,118,16,pending
3805,2024-09-19,d656427e-bcdc,144,9,pending
3009,2024-08-04,edefe9fd-6607,135,28,completed
2317,2024-07-20,76ccfb02-31d6,107,27,pending
2237,2024-09-16,97df9efc-e0b4,136,45,cancelled
2766,2024-07-09,b0f67442-a541,136,18,completed
2508,2024-09-04,111b10be-41fc,142,44,pending
2817,2024-09-21,483b03c4-b9d6,135,36,pending
3338,2024-07-12,2280270e-5c97,142,48,pending
2877,2024-08-25,93f397a9-8896,124,8,pending
2862,2024-08-20,05e69204-a770,144,15,cancelled
2600,2024-09-17,b6306d94-2c65,115,11,cancelled
3175,2024-08-03,a048c889-9c21,103,20,completed
3961,2024-07-19,42e79008-2c56,145,27,completed
3431,2024-08-09,075996c8-c286,135,16,completed
3821,2024-07-13,7e625be3-685b,116,26,cancelled
3919,2024-08-13,825efda5-a8d1,147,14,cancelled
3516,2024-07-20,c6d821cc-b509,122,26,cancelled
3906,2024-09-05,349e18a6-27d3,145,27,pending
2982,2024-08-31,4dd9f8c3-47a2,105,2,pending
3303,2024-09-14,73d3d9c7-e5df,144,10,pending
2717,2024-07-14,26e99e1e-f535,144,27,cancelled
3068,2024-08-29,789e3630-bf45,145,35,completed
3802,2024-08-07,8dd61c10-5ce8,129,42,completed
2064,2024-09-24,e0333b0e-48fa,128,13,pending
3010,2024-08-21,27398d7a-998e,124,26,cancelled
2906,2024-08-19,1dcd96b5-f4f6,136,7,completed
3645,2024-08-13,31a19cc5-105f,103,5,cancelled
2465,2024-08-18,3fdd922c-40fc,118,29,cancelled
3463,2024-08-13,c16823ed-c68d,115,10,completed
3296,2024-08-03,951e4bd5-ca5b,136,10,completed
2340,2024-08-05,8b60240c-da51,103,11,pending
2980,2024-08-14,aead22fb-8dec,115,1,cancelled
3076,2024-07-24,01e7d691-098c,103,9,cancelled
2406,2024-09-07,dce47dc0-3d9e,148,46,pending
3827,2024-08-08,769c2069-69b0,142,40,completed
3291,2024-07-15,f8c9b62a-0e3e,118,14,pending
3888,2024-07-14,f2210b9a-f07f,147,16,cancelled
2591,2024-07-31,19816fec-80c3,125,40,completed
3107,2024-08-31,3a0f53d1-c4a0,115,36,pending
3773,2024-09-03,ab7bbb50-26a0,141,39,cancelled
3203,2024-09-28,5c941ac9-6c34,144,44,completed
2258,2024-09-30,32fec495-94cd,128,18,completed
3072,2024-08-04,aec107b4-5f28,135,20,pending
2271,2024-08-06,df93f94c-1141,116,36,pending
2185,2024-09-17,7f876ccf-b0e2,130,27,completed
2782,2024-09-26,cde96de3-815b,150,9,pending
2128,2024-09-18,03751f35-b35b,142,36,cancelled
3102,2024-08-28,d8254f24-7d94,136,38,pending
3583,2024-09-14,5b23d389-77cb,116,25,cancelled
2156,2024-09-11,aa5cf7cc-9bf1,108,16,pending
3714,2024-07-17,df024b79-c368,114,29,completed
2287,2024-09-24,f8801a6e-7903,118,15,completed
3880,2024-08-28,f933a27e-f1c9,115,3,pending
3294,2024-09-10,5a4705dc-d588,144,7,pending
2360,2024-08-01,1e31e52b-eac2,128,3,completed
3379,2024-07-19,6207e378-3c8d,142,48,pending
2908,2024-08-18,fc69ac13-acff,118,29,completed
3168,2024-07-05,270ab7eb-eee1,110,25,completed
2098,2024-07-16,effe710e-35f0,129,8,completed
2857,2024-07-11,8bf41365-9136,137,39,pending
2663,2024-07-31,108589aa-1d8c,135,5,cancelled
2258,2024-07-28,67ae4e93-9f55,144,20,pending
2141,2024-08-14,a4426fc2-7385,141,36,cancelled
2714,2024-07-12,aa04fc8b-c17b,145,3,completed
3717,2024-09-27,319104bb-4e24,141,29,pending
3391,2024-09-13,699dccd4-30b9,137,12,cancelled
2709,2024-07-15,dbf514d2-1a9f,125,21,cancelled
2053,2024-09-04,8ed31386-2d26,142,38,cancelled
3542,2024-08-25,48776918-23c8,150,13,cancelled
3440,2024-07-21,dd2ba0d4-9701,144,45,cancelled
3916,2024-07-02,b1534e43-2b2a,135,3,cancelled
2054,2024-08-19,f8d01a37-631f,101,30,completed
2055,2024-08-13,1de1f3a7-302b,150,31,pending
2427,2024-07-26,37fddaba-5c2e,105,8,cancelled
3305,2024-08-18,e39a53fe-e761,137,17,completed
2351,2024-08-13,cc8f6a31-6b26,144,30,cancelled
3237,2024-09-07,031b9c1e-4c4f,125,14,completed
2397,2024-09-22,3c336ee7-4b6a,114,30,completed
2066,2024-09-25,99befffb-82cc,118,36,cancelled
3177,2024-07-14,e701a3ce-fb52,142,34,completed
2357,2024-07-27,350c11ec-305d,125,49,pending
2877,2024-09-01,5962298c-2dbe,115,40,completed
2867,2024-09-03,3abcc2a3-97db,142,45,completed
3983,2024-09-17,24126fcc-3a43,148,10,pending
2631,2024-08-20,8741825e-3a26,145,10,cancelled
2085,2024-07-05,3f3b809a-d856,125,13,completed
3097,2024-07-19,721c75a9-fe81,135,33,completed
2457,2024-07-27,1e5af32b-2fd7,145,8,cancelled
3216,2024-07-09,9ae6f2d5-6d76,142,19,pending
3380,2024-09-26,0ddc7814-06df,122,10,pending
2870,2024-09-07,1a39353f-a7a6,118,45,pending
2343,2024-08-08,044d9b99-0522,114,39,cancelled
3414,2024-07-04,88d3516e-24dd,107,27,pending
3238,2024-09-04,f57f4a1a-eaa1,144,12,pending
3768,2024-08-15,3ccb94fc-fa8f,137,5,cancelled
3206,2024-09-09,e6ff2532-33db,136,5,cancelled
2157,2024-09-29,756a2b7d-821b,115,37,pending
2196,2024-09-20,64109a05-4af5,115,33,pending
2227,2024-08-03,2b61fb06-b9aa,141,35,cancelled
2039,2024-07-29,0a147bc2-3e30,137,28,cancelled
2985,2024-08-07,c03354b0-8757,144,42,cancelled
3296,2024-08-09,9d79f811-f07e,125,5,cancelled
2884,2024-09-27,a3561c9d-6e7c,118,37,completed
2766,2024-08-25,52e13ddf-fe48,142,5,cancelled
2535,2024-08-11,858a8361-5a45,125,43,completed
3160,2024-07-17,1f4635c1-e6bb,129,25,cancelled
2623,2024-08-29,b4bfb1b8-de6b,118,24,cancelled
3217,2024-08-23,d36a372d-44d6,115,25,pending
2722,2024-08-15,651038a8-56bd,137,25,cancelled
2575,2024-09-23,948e00b0-2628,136,8,cancelled
2828,2024-08-21,850b4671-60da,124,1,completed
3742,2024-09-08,3650554d-d64e,105,24,completed
2435,2024-09-22,9f0a3425-2881,150,19,pending
3909,2024-07-18,b546cca7-1621,129,2,completed
2433,2024-08-09,ced151e1-0890,115,49,completed
3832,2024-09-03,a8c84489-d163,124,36,completed
2918,2024-09-30,b2c90c7c-ebef,125,39,pending
3840,2024-09-08,20c54629-c617,145,41,cancelled
2441,2024-09-05,864743a5-f1d3,141,31,cancelled
2305,2024-07-15,fac1d433-476b,103,19,pending
3967,2024-07-11,70cb4106-b887,145,43,completed
3246,2024-09-23,b0dcd2dc-4047,145,4,cancelled
3343,2024-09-19,80a57797-7083,115,35,completed
2736,2024-08-06,50699355-7b23,108,47,pending
3479,2024-08-14,52913431-e0f7,114,14,cancelled
3473,2024-08-31,b6f3a5e4-9654,141,28,completed
3429,2024-09-09,fa0f26a9-34e6,118,16,completed
3245,2024-08-14,345121af-e518,139,11,pending
2737,2024-07-09,ac8be03a-5443,122,21,cancelled
2782,2024-09-16,21ae0e84-b8cc,118,14,completed
2555,2024-07-21,21f3f48c-97e5,108,17,completed
3530,2024-09-09,5252cf6a-8799,103,23,completed
2090,2024-09-07,72177b14-7a40,130,50,cancelled
3067,2024-08-07,b6b3ce4a-06c4,107,17,pending
3938,2024-08-22,be6c0ea2-a5ce,115,24,completed
2286,2024-07-26,f5cc0aad-60fd,135,40,cancelled
3160,2024-07-19,b529f3fb-26c3,135,40,completed
2343,2024-08-11,f2ca4e1d-6cb1,105,50,cancelled
2286,2024-07-06,72916dec-c59a,139,7,completed
3084,2024-09-21,86641484-b343,110,48,cancelled
2169,2024-07-27,0c2de79e-2d32,109,49,pending
3866,2024-07-10,80416dcf-7d01,145,24,completed
2200,2024-08-22,ea1f00bd-bbdb,116,37,pending
3503,2024-07-09,10bf31b7-f678,136,33,completed
3793,2024-07-12,a28594d3-8ada,141,30,pending
2566,2024-09-06,c6522b9f-d78b,142,48,cancelled
3255,2024-09-25,b32d58d8-6b77,136,16,cancelled
3450,2024-08-08,c6e1f5c5-aca1,142,29,pending
3998,2024-09-05,cd491736-12d6,124,36,cancelled
2775,2024-08-27,2114bbad-3ef4,141,20,cancelled
3001,2024-08-18,a6cc7e33-433f,141,9,pending
3990,2024-07-21,d52d0139-9b88,142,45,completed
2737,2024-07-24,7b56200b-6137,147,13,pending
2388,2024-09-25,39e86171-5e37,129,48,pending
2660,2024-07-23,ef2992ea-682e,136,50,completed
2333,2024-09-12,66cb6fa5-8253,114,13,pending
3913,2024-07-07,4ee8c400-3702,144,24,cancelled
2972,2024-08-18,dd7a6f37-02c4,142,15,cancelled
3993,2024-08-10,e344e9a6-db7f,118,28,cancelled
3808,2024-08-11,343d1f69-3d6f,148,45,completed
3811,2024-07-28,431f6ecf-4096,135,14,completed
2681,2024-07-13,5d9fbf50-c4fd,107,7,cancelled
3042,2024-08-20,e482d8ba-fe6d,144,14,pending
2634,2024-08-01,6f3deb3b-ac70,109,36,cancelled
3088,2024-08-09,0d31e3e6-7fe0,118,29,completed
3599,2024-09-10,a1390ba9-4e3e,125,23,cancelled
2983,2024-08-13,3a1e73d7-375a,118,4,pending
2706,2024-07-20,85cfcf23-5028,110,41,pending
2688,2024-08-21,c67bce37-09fe,142,45,pending
3355,2024-09-25,f5d2067c-0228,110,37,cancelled
3105,2024-07-14,e1977b74-c1be,136,28,pending
2851,2024-09-19,a7928459-8555,144,26,cancelled
2779,2024-07-09,0dff54bb-20fa,148,50,cancelled
3611,2024-07-01,d270f02f-0570,128,14,pending
2452,2024-07-11,4ff4ae98-9600,103,4,completed
2925,2024-07-05,5722b308-1113,142,35,pending
3995,2024-09-19,483c6d93-c4fa,147,40,completed
3833,2024-09-25,8394f2d0-d151,147,7,cancelled
2327,2024-08-14,1ac3cf67-b124,105,32,pending
3023,2024-08-13,523b6fe1-9bb6,144,16,pending
2469,2024-08-27,b1196ffb-48dc,128,32,cancelled
3586,2024-07-11,646f5eb2-ee9b,109,20,pending
2504,2024-08-25,f7432b9f-5067,124,26,pending
2913,2024-08-16,30cb7bb6-e8a1,103,39,pending
3455,2024-09-30,4c1c8d99-605c,109,38,completed
3912,2024-08-23,c6f9f43c-82d3,142,44,pending
3654,2024-07-21,ccb846e9-05be,115,28,completed
2725,2024-09-22,cf4c85f8-dd81,108,6,pending
3560,2024-08-24,2a1e7dd0-1888,103,16,cancelled
2309,2024-08-05,d17b1bfb-4803,118,48,pending
3514,2024-09-17,5ffa5a04-9352,124,4,pending
3166,2024-08-16,21b82235-3a50,142,7,completed
3510,2024-08-12,3a190085-d8a0,130,20,pending
3921,2024-09-23,a2d4107f-d469,141,1,completed
3477,2024-09-24,d9d44354-9564,115,14,completed
2120,2024-07-30,b5819ec2-1ef4,135,16,completed
3096,2024-07-03,8b3049a6-3843,144,44,cancelled
2131,2024-08-20,dd75ac05-dfc4,110,28,cancelled
2770,2024-09-18,705a50ff-d141,128,4,pending
3210,2024-09-02,837a531a-69a4,125,44,cancelled
2171,2024-09-01,727e515d-b1de,101,8,pending
3085,2024-07-05,5e6c1df0-8c97,118,41,cancelled
2567,2024-08-25,ae59be5e-588e,124,1,cancelled
3503,2024-07-04,c376b599-c801,150,47,cancelled
3440,2024-09-02,100dee5e-f84d,141,25,cancelled
2984,2024-07-30,eec7d2c0-fd42,118,11,completed
2586,2024-09-20,1781d62c-a707,150,18,cancelled
3598,2024-09-30,214b73c9-940f,118,35,cancelled
2934,2024-09-26,56f565b0-d1c9,129,13,pending
3611,2024-07-27,895501cd-12b3,103,10,cancelled
2171,2024-09-22,3417a9d4-7be6,105,25,cancelled
3734,2024-09-05,822d98fd-8c72,144,37,pending
2648,2024-08-31,e0c67098-5a18,141,14,cancelled
3821,2024-07-03,2a44d1c2-db41,137,17,pending
3315,2024-09-20,131c7250-1e7f,118,25,cancelled
2628,2024-07-02,5a03d8a2-1d7d,115,33,completed
3845,2024-09-10,e02cc13c-f639,144,26,cancelled
2847,2024-08-16,6c694408-2148,115,49,pending
2435,2024-08-01,78c34910-4d65,136,47,cancelled
3748,2024-07-31,8ca91998-df64,109,23,pending
3350,2024-07-07,017a417d-1204,130,27,pending
2054,2024-07-29,7fb87667-2d5e,122,39,completed
3558,2024-07-13,7c73a3bc-c290,118,37,cancelled
3461,2024-08-22,47c2d95c-7ab8,103,2,cancelled
2435,2024-09-09,44a994be-403b,105,25,completed
3235,2024-07-27,f2182ace-b4c9,105,41,cancelled
3511,2024-09-24,3c0b9e39-237c,136,29,completed
2055,2024-08-29,59e5de4d-3f67,130,28,cancelled
2298,2024-08-29,fe50e7de-fde8,109,37,completed
3794,2024-08-28,e7073881-21de,144,6,completed
3866,2024-08-04,0e3d6f94-3fd8,141,5,completed
3882,2024-07-08,609a6fa2-2273,118,18,completed
3500,2024-08-31,debec791-e9b9,137,43,pending
3684,2024-08-30,699f380a-797f,107,37,cancelled
3334,2024-09-24,305f06fc-a8a2,125,38,pending
2155,2024-09-27,31e18b2b-90ce,115,4,completed
2521,2024-07-30,fab7c642-6eae,122,42,completed
3771,2024-09-05,3d5f6c8d-bc61,106,30,completed
3777,2024-09-27,dbfabff5-aaf1,124,43,cancelled
3590,2024-09-17,22c4a5b5-81bc,145,46,pending
3202,2024-08-15,83f7840b-37e7,128,47,pending
3855,2024-08-02,895dc1b1-fc33,129,4,cancelled
2693,2024-07-29,4e88ad25-8bbd,110,5,pending
2539,2024-08-30,f59d0551-b079,144,19,pending
3370,2024-08-24,1e3e28d3-2593,136,44,cancelled
2823,2024-09-27,ee2d5bb2-7c8a,129,11,completed
3731,2024-09-27,4cb1c8e3-e9e1,142,11,pending
2120,2024-08-23,ec8c4a46-42ac,130,40,cancelled
2346,2024-09-18,abee6362-ae38,128,30,pending
2137,2024-07-21,bdf51d07-34d3,115,26,pending
2774,2024-09-01,8b546afc-61b6,142,12,pending
2152,2024-08-26,20a3fcb5-cd49,103,13,completed
2510,2024-08-06,97a0c000-9c06,115,50,pending
3221,2024-09-01,1b8393b3-8987,135,42,pending
3036,2024-09-21,3e79f4bc-bb28,106,21,pending
3703,2024-07-17,2bc5624b-730b,136,36,pending
2936,2024-07-22,6a6a1a0e-816f,135,36,cancelled
3644,2024-09-03,0eb9a8c4-17d3,114,13,completed
2281,2024-08-29,aefd30a9-14e1,106,4,pending
3547,2024-09-20,5862f243-85a9,109,2,completed
2152,2024-08-27,9889eb01-ffde,142,7,cancelled
2525,2024-09-10,404e02ff-82f3,103,14,cancelled
3371,2024-08-01,510f5db0-c29a,107,15,completed
3582,2024-08-16,a1297664-5174,115,25,pending
2906,2024-07-26,dcec0eb0-286f,118,47,pending
3157,2024-09-18,01c2bc27-b196,141,47,cancelled
2054,2024-08-15,076464b5-1935,145,10,completed
2523,2024-09-21,6bdff814-9118,103,26,pending
2021,2024-09-11,52897adb-d4bf,130,14,cancelled
2199,2024-09-07,afcb2ba6-d710,125,17,pending
2069,2024-09-19,9424ea63-9890,137,27,cancelled
2052,2024-07-11,6c59c379-06fe,128,6,cancelled
3746,2024-09-29,a89bbb7c-d5bd,103,34,pending
3011,2024-08-03,c2dfd724-b215,115,35,completed
3120,2024-09-05,735db0c2-2bde,125,3,pending
2613,2024-09-06,0531a3f4-9a4f,150,23,cancelled
3428,2024-07-09,70ef71ef-a3d4,144,9,pending
2168,2024-07-29,afe04864-eaba,118,28,cancelled
3123,2024-08-27,caee5ed4-e639,142,37,cancelled
2588,2024-07-11,6ef67a2e-69bd,130,32,pending
3187,2024-09-10,46728337-5770,118,33,completed
3373,2024-07-25,ed6e79b0-6ebd,125,22,pending
3561,2024-08-23,744f628b-4503,144,43,pending
2893,2024-08-12,c7c1759f-3f34,150,31,pending
3519,2024-09-09,355dcf59-af75,141,12,cancelled
2098,2024-09-09,c868bacd-348b,129,50,completed
2252,2024-08-26,a25f1076-e7f0,150,31,pending
2530,2024-07-21,fff7eff3-4dd3,128,3,completed
2604,2024-07-04,7409b625-d04e,136,28,cancelled
2790,2024-08-11,7f30ec52-cc6e,145,11,completed
2748,2024-08-14,500e975f-d29e,122,20,pending
3346,2024-07-27,189f65aa-0bb5,141,20,pending
2799,2024-07-29,c5abc4dc-5b56,144,20,completed
3732,2024-08-19,d8643c83-fa12,114,10,pending
3624,2024-09-14,30a6e598-d17e,142,49,completed
3008,2024-08-10,69be4f71-93c1,144,11,cancelled
2044,2024-09-27,5db8bb35-c581,108,43,cancelled
3631,2024-09-03,bc2ddf85-2057,128,18,cancelled
3702,2024-08-13,298655c9-3714,148,28,cancelled
3957,2024-09-18,7b9e206e-be8f,150,45,completed
3124,2024-08-04,f0b1602c-4bf9,115,31,completed
2276,2024-09-30,9db0d5a1-1bb4,142,9,completed
3751,2024-09-15,9ea4b0f8-35fa,141,13,pending
3601,2024-09-28,ca1e9cea-b5a0,145,44,completed
3167,2024-07-20,e187a59f-7b00,144,22,completed
2353,2024-08-17,4182a0f8-5e9b,144,37,cancelled
3700,2024-09-30,5ea5d9a8-d161,139,3,completed
2182,2024-08-25,89da880b-db3a,125,27,pending
3336,2024-08-19,8f55ac59-ed44,141,47,cancelled
2266,2024-07-04,50813cba-007c,142,22,completed
2503,2024-09-15,1b27a783-7229,115,28,pending
2509,2024-07-18,0a927f17-4135,145,42,pending
2866,2024-07-05,18d9783a-e85c,128,3,pending
2569,2024-07-28,9c43156c-2dbd,142,47,completed
2893,2024-08-08,800737c9-da82,124,20,pending
3147,2024-07-26,ec8f6165-d2d5,115,14,cancelled
3539,2024-09-05,7b33adb1-8ec1,137,37,completed
3878,2024-08-21,6a001d67-3ec2,150,34,completed
2606,2024-08-08,5ff51b8a-ed74,141,47,pending
3443,2024-07-26,6fa38968-2b76,128,39,cancelled
3419,2024-09-29,d1c89ef5-f121,144,28,completed
2685,2024-08-25,3322f3b2-2a13,135,41,cancelled
2321,2024-07-27,79e9824d-09b5,116,23,pending
3905,2024-07-13,c425e703-9058,150,26,cancelled
3826,2024-09-10,214a3c48-6300,150,33,pending
2718,2024-07-16,61ed4426-e2ed,144,8,pending
3923,2024-07-24,62687685-9ee4,122,49,pending
2100,2024-07-23,502863f9-cdc7,128,22,completed
2897,2024-09-12,a3bb029f-96e7,101,13,cancelled
3881,2024-07-08,93562f06-2771,141,22,cancelled
3140,2024-07-13,174a564e-c82d,115,40,cancelled
2739,2024-07-06,c8a311ac-c484,110,43,cancelled
2811,2024-07-30,ba31c605-79b8,144,49,completed
2512,2024-09-07,c310aaba-ec7b,109,33,completed
3825,2024-09-01,c6d1986d-9e45,129,12,completed
2178,2024-09-02,a0d348ce-cd62,116,24,cancelled
3815,2024-09-05,ca1519dc-55f0,118,41,completed
3003,2024-09-22,a50d8655-1168,118,9,cancelled
3943,2024-08-04,4867f10f-333e,145,11,completed
2849,2024-09-19,a0da7fde-2558,124,37,cancelled
3443,2024-09-08,3336c8da-37c9,141,12,pending
3823,2024-09-16,c1de5990-f431,101,38,pending
3634,2024-07-12,bde128ed-14c3,144,8,completed
2705,2024-08-23,35f71595-0614,125,26,completed
2297,2024-07-22,a777dd9d-5960,122,34,pending
2595,2024-08-14,f3fa6d73-0912,110,30,completed
3317,2024-07-22,b08e0ede-1f36,135,14,cancelled
3450,2024-09-20,4cb311d2-563c,107,13,cancelled
2058,2024-07-10,3b74b23b-c982,135,9,cancelled
2414,2024-09-20,aabc8e4a-59ae,128,50,completed
2593,2024-09-05,94434218-76a1,144,6,cancelled
3202,2024-08-24,931468d7-c579,141,22,cancelled
2015,2024-08-17,f78814aa-d195,141,17,pending
2165,2024-07-28,fccc19e0-2c4d,105,23,completed
3972,2024-07-31,031989a8-a7e1,124,44,cancelled
2629,2024-09-19,c6d07159-ef2b,130,40,completed
3481,2024-08-18,4d61f91d-9f07,144,26,completed
3690,2024-07-30,fdbfa9ac-6494,144,21,pending
3983,2024-08-25,1bb79ee2-c19c,118,26,cancelled
3223,2024-07-31,651d3ea9-61b2,103,49,pending
2980,2024-09-04,1661efb1-d573,108,7,pending
2750,2024-07-14,40cf825a-378d,124,31,cancelled
2560,2024-07-03,c0004f88-f0a9,110,28,cancelled
3612,2024-08-25,503a082b-1325,139,43,completed
3829,2024-09-09,ff9f6c97-5c42,129,32,cancelled
2724,2024-07-30,11b15dd8-0602,130,32,cancelled
3527,2024-09-23,cdf0f6e6-2b01,110,7,cancelled
2295,2024-08-23,2ca8c5ca-fffd,141,23,pending
2608,2024-09-02,da270bcb-127d,128,28,cancelled
3872,2024-07-19,82c5bd51-b9c8,118,32,completed
2543,2024-07-20,86a0ff3e-ae8c,118,48,cancelled
2989,2024-09-11,bab1d805-4213,109,30,completed
3522,2024-08-18,b963331d-bf70,122,24,cancelled
3794,2024-08-05,a6d19ee6-0072,125,30,pending
2529,2024-07-30,f990863b-5175,108,44,cancelled
2523,2024-07-14,a92c0791-afc5,129,42,completed
2727,2024-07-10,13f3a25d-ee07,128,24,cancelled
2153,2024-09-30,a5206e77-e6c2,128,42,pending
3036,2024-07-12,16e5e785-17bc,145,38,completed
3167,2024-09-05,2fae20c0-2bed,106,50,completed
2269,2024-09-07,5c2e2243-a5c3,110,24,completed
2366,2024-09-06,abd77221-c04e,103,48,cancelled
3450,2024-09-21,d12c19a9-da8e,150,25,pending
3632,2024-09-20,abe9f843-b56a,147,39,completed
2587,2024-07-16,4d8177c6-2513,101,12,pending
2948,2024-09-27,9f75761d-c46c,115,30,completed
2506,2024-08-21,8e480c17-e3cc,137,8,pending
3195,2024-07-16,53c014d9-b53d,124,26,pending
3725,2024-09-06,e146e8b1-ccf0,118,42,completed
3543,2024-09-11,df73d78e-1dee,115,5,cancelled
3039,2024-07-05,7478ea37-749c,144,41,pending
3778,2024-08-26,78d4175a-37dc,124,38,completed
3222,2024-07-11,a0605a00-de73,108,13,pending
2139,2024-08-08,f87a579e-03d6,107,34,pending
2388,2024-07-22,0014e382-a1d6,148,33,pending
3358,2024-08-05,ed9dd55a-c78c,144,2,cancelled
2568,2024-09-06,2a94ee4e-0ce2,125,19,pending
2715,2024-07-24,aad3e8a6-8d6d,139,15,cancelled
2977,2024-09-03,837ffdc9-1c32,135,42,completed
2128,2024-08-20,3e5ef04f-7b0c,141,38,completed
3138,2024-09-17,dfbbac90-d33b,145,6,cancelled
3817,2024-08-18,7a2af1b1-8cea,142,49,pending
2753,2024-09-04,36fa7210-6e13,115,34,pending
3572,2024-07-29,0f117e6a-642d,144,6,completed
3755,2024-08-02,64187687-09ce,144,34,completed
3184,2024-07-27,a451adbd-3173,142,49,pending
2279,2024-08-30,21cf5b9e-ea48,135,41,completed
2165,2024-08-06,768b81a2-0680,124,50,completed
3400,2024-09-30,357ebb7d-cf9e,136,4,pending
2392,2024-09-22,00aa580a-fade,109,9,pending
3370,2024-09-06,5627a37d-6859,142,47,pending
3065,2024-09-13,74e1c370-69ea,107,14,cancelled
3499,2024-08-28,5e06db5a-2a87,107,1,pending
3909,2024-07-02,874656ad-6fe2,147,9,cancelled
3069,2024-09-05,f856a0e5-87bf,141,42,cancelled
3895,2024-07-29,5df48ec1-3e48,115,36,completed
2088,2024-08-21,ce11205f-54e5,148,4,pending
2439,2024-07-11,6f4ab8bf-11e6,103,7,cancelled
3876,2024-07-27,e2dc2b50-d86b,103,45,pending
3900,2024-07-14,bd247742-124c,128,46,pending
3612,2024-09-26,56800916-b873,148,18,cancelled
2562,2024-09-23,68ca7567-db8e,142,17,pending
2167,2024-07-06,dedbe986-4b1b,129,10,pending
3382,2024-09-06,894d1682-c2a6,150,5,cancelled
3698,2024-09-14,e542da0f-7a15,136,48,completed
3761,2024-07-07,ea3b717a-f44a,130,14,completed
2092,2024-09-29,2de5f380-b1b6,139,27,cancelled
2909,2024-07-18,0f92ab70-5c49,116,37,cancelled
2126,2024-07-06,10477420-7876,141,39,pending
2569,2024-09-22,31b59f31-aa30,150,49,cancelled
3525,2024-09-15,ebbbd729-ea33,115,16,completed
3530,2024-08-24,d84ef447-2d0b,115,13,completed
3852,2024-08-11,8544ff55-b4ce,150,15,completed
3810,2024-08-25,53006f90-c5b3,145,46,completed
2018,2024-07-07,379a202d-e850,135,8,cancelled
2023,2024-07-20,b8546dbb-bac3,150,4,cancelled
3121,2024-09-17,3b87564d-f598,150,18,pending
3178,2024-09-13,9c09a3c6-3ecf,118,30,cancelled
2971,2024-09-21,efadddd4-5f33,118,31,cancelled
3628,2024-07-07,25ba5f4c-2673,107,25,completed
3772,2024-07-28,845a5cc9-7196,125,35,pending
3539,2024-07-12,8d6a3fe7-d958,128,18,cancelled
3991,2024-08-03,2447cd5c-1c10,115,6,cancelled
2785,2024-09-13,453249a8-b856,118,20,pending
3188,2024-08-10,ec8a51b8-18ee,136,18,completed
2924,2024-07-29,8206d778-0034,124,7,pending
3811,2024-08-14,1ac1ffd4-dbb5,118,10,cancelled
3836,2024-09-25,c72ffe48-cdbd,144,30,pending
3788,2024-09-14,8fedcd9b-3dc2,103,25,cancelled
2603,2024-07-24,c779e574-b6af,145,1,cancelled
3802,2024-08-20,e6c3cdc2-479e,144,26,pending
3652,2024-09-10,c3612006-4430,103,33,pending
2954,2024-08-03,daed66bc-0c31,124,41,cancelled
2810,2024-09-01,9a57bca7-14c3,110,20,pending
2616,2024-07-13,b660a284-d67b,135,4,completed
2503,2024-09-22,6a686bee-a810,135,41,completed
3114,2024-07-06,b13fd6ca-6bbf,118,23,cancelled
3309,2024-09-18,19bc4781-ef74,135,4,completed
3590,2024-08-16,4ec6c29c-02a0,144,47,completed
3880,2024-08-17,a11e6fae-e70c,114,38,pending
2881,2024-08-12,d3df3319-3bd3,115,7,cancelled
3992,2024-07-15,a266d9da-8a64,110,42,pending
3757,2024-08-02,2d4bcdb4-7778,141,3,pending
3299,2024-08-18,0bf12957-6c3a,141,20,pending
3205,2024-07-26,576c42aa-b7ee,122,19,pending
2947,2024-09-16,185cf55d-5ccc,124,19,pending
2962,2024-08-01,68901e2e-34c6,110,31,cancelled
3431,2024-07-27,0a2494e4-887b,125,12,cancelled
2260,2024-07-17,8c4e8a4b-1730,118,46,pending
3430,2024-07-24,e2b038e1-415d,115,1,completed
2919,2024-09-08,9fcae58f-9cb2,144,5,cancelled
3963,2024-07-10,2046a7cf-5234,141,34,pending
2896,2024-09-07,c75b9a6e-fb4c,136,22,cancelled
3000,2024-07-14,5a35b8d0-eda5,141,11,pending
2372,2024-09-15,5aa0c5bb-11f6,142,8,pending
2362,2024-08-27,e6ecff64-1c99,136,15,completed
3583,2024-09-23,718fcb48-797c,148,5,pending
2167,2024-07-24,f1746721-cec0,136,8,completed
2647,2024-09-22,32f18b85-a5e3,129,29,cancelled
3166,2024-07-15,03a63dfa-0384,115,46,pending
2590,2024-07-20,45161a4c-a5d1,125,3,completed
3987,2024-07-03,d52e7690-fc9b,114,41,cancelled
3823,2024-07-16,233e1a58-a1f6,122,25,completed
3159,2024-09-25,0fb8b1c1-dba6,125,37,completed
2880,2024-07-08,fe3f4e31-09ac,118,26,completed
3624,2024-07-25,3f0cd390-163e,135,33,completed
3936,2024-08-05,58cc71f2-7460,105,40,completed
2292,2024-07-12,3cea4ca0-8650,128,30,completed
3466,2024-07-25,05a39b36-1953,118,13,pending
3825,2024-07-26,ad6254cf-2c83,118,18,completed
2037,2024-09-18,7da31523-993a,118,36,completed
3434,2024-07-14,40a84674-da6a,141,36,pending
2409,2024-09-01,31659ba1-d6e0,145,38,pending
2365,2024-07-15,79936b6b-5587,136,12,completed
2086,2024-08-24,cb2cf42d-7472,144,49,cancelled
3706,2024-07-15,59274b76-021f,142,8,pending
3877,2024-08-20,e5fd3583-4705,135,43,completed
3858,2024-08-04,2b7433cd-9e2c,128,33,completed
2070,2024-08-18,e4db6d37-f183,135,45,completed
2793,2024-07-12,d2dcee0e-cd7c,136,21,pending
3120,2024-08-20,0abe0318-2287,103,3,completed
3898,2024-09-17,bc311ac0-8976,115,21,cancelled
2913,2024-09-12,9237479a-b2b1,124,31,cancelled
2990,2024-07-04,7216f941-d0bc,115,12,completed
3961,2024-07-11,fb1a8ee1-d7b5,115,38,pending
2283,2024-08-23,a6000b2e-2c3f,142,1,pending
2341,2024-07-24,82326d51-55c6,136,38,pending
3813,2024-09-13,91af847d-e5a7,135,26,completed
3955,2024-07-10,df5accfb-68c6,145,39,completed
2120,2024-07-04,1b1ce52e-2988,142,41,cancelled
2003,2024-09-22,c3b44d4d-0b6d,122,7,completed
3429,2024-08-09,a3e7c269-d16e,137,22,completed
2487,2024-09-19,c9aaac9e-344e,118,30,pending
2116,2024-07-14,739925c1-3f7d,142,11,pending
3728,2024-09-27,ea963b99-b544,148,7,completed
3373,2024-08-27,dbdc1ece-0f7b,116,5,pending
3072,2024-09-20,b6dabe67-c555,128,16,pending
2060,2024-07-19,2f256925-e67f,137,8,completed
2419,2024-08-21,e550ce79-c1d1,135,35,cancelled
2370,2024-09-12,b546e839-29f7,145,27,pending
3385,2024-07-10,172ebed6-925b,141,35,cancelled
2364,2024-07-23,ec08a2dc-794b,124,33,cancelled
2856,2024-08-20,c692a3f5-55f1,141,35,completed
2409,2024-07-23,5fcd8f1d-5e44,150,13,cancelled
3362,2024-08-30,b474c1ff-66cb,148,7,completed
2742,2024-08-20,940bff36-3d70,142,40,completed
2081,2024-08-24,7f5f24da-b714,115,40,completed
2423,2024-09-16,911ffab7-d3a3,129,8,cancelled
3167,2024-08-23,49b74a41-91c3,136,5,completed
