order_id,sales,profit,discount,quantity,category
2824,134.8,-87.46,0.18,2,Office Supplies
9935,443.82,132.88,0.02,4,Technology
9279,3014.07,341.87,0.57,9,Furniture
4611,2251.55,-82.71,0.7,3,Office Supplies
7924,1707.85,-266.78,0.77,6,Technology
2519,1905.84,38.47,0.28,5,Technology
8527,2685.78,959.67,0.3,9,Furniture
6925,2890.99,556.86,0.04,4,Furniture
2307,4278.04,799.73,0.3,8,Office Supplies
6977,821.64,32.91,0.54,2,Office Supplies
3803,2675.36,-132.78,0.37,5,Office Supplies
4598,3426.23,764.28,0.62,4,Technology
6168,2011.81,-400.72,0.73,10,Office Supplies
6155,1071.01,248.85,0.71,8,Technology
5339,706.76,617.48,0.43,10,Furniture
7543,1816.36,995.99,0.11,8,Technology
1771,4306.9,-270.74,0.13,7,Office Supplies
2040,1929.99,393.83,0.37,5,Office Supplies
1188,3404.61,-328.17,0.71,5,Office Supplies
6573,566.65,152.15,0.36,5,Office Supplies
3927,2543.33,-340.38,0.5,9,Office Supplies
4258,772.67,643.77,0.43,9,Technology
6310,2448.14,-332.2,0.29,5,Technology
1949,1211.95,351.04,0.06,8,Technology
9727,3831.51,-307.41,0.38,9,Technology
5342,2643.09,409.89,0.77,9,Office Supplies
4295,3567.62,98.49,0.54,6,Furniture
9479,2262.92,-128.14,0.05,1,Office Supplies
4770,2946.32,-489.21,0.57,1,Technology
2104,4528.05,789.45,0.06,4,Furniture
8953,1079.04,-301.53,0.75,10,Office Supplies
8744,1222.56,209.46,0.33,2,Technology
8062,1777.94,116.65,0.69,1,Office Supplies
2612,312.46,592.32,0.64,2,Technology
4139,959.14,172.92,0.34,5,Furniture
5092,4373.68,-386.92,0.65,9,Technology
1828,3264.2,310.88,0.01,2,Technology
3724,2038.01,222.04,0.69,1,Technology
7209,20.76,85.63,0.74,8,Furniture
7930,3485.99,595.76,0.63,8,Technology
4111,1490.57,953.06,0.46,9,Technology
6138,295.25,376.27,0.4,9,Technology
1931,4804.29,-379.83,0.15,10,Technology
4853,2024.84,912.39,0.46,10,Office Supplies
1651,3100.71,128.84,0.47,9,Furniture
5272,1029.25,574.29,0.19,7,Technology
5915,2291.55,893.53,0.75,1,Furniture
2638,375.57,-180.27,0.21,6,Technology
5002,1853.94,-263.38,0.67,5,Office Supplies
9666,49.04,725.66,0.24,2,Technology
5333,585.99,-339.45,0.44,5,Furniture
4450,3590.88,-194.6,0.51,5,Office Supplies
9004,1263.1,862.24,0.04,7,Furniture
1722,27.69,656.68,0.51,5,Technology
8239,2762.89,141.53,0.01,2,Office Supplies
3442,2732.5,751.89,0.47,3,Furniture
3088,218.73,46.98,0.75,1,Furniture
4441,3413.51,500.4,0.28,9,Furniture
3532,4629.56,-144.89,0.13,3,Furniture
1406,905.01,886.73,0.63,7,Office Supplies
5065,1341.36,681.06,0.09,1,Furniture
4644,1005.87,877.68,0.28,4,Technology
1387,3303.57,97.7,0.22,2,Furniture
6753,3210.99,99.52,0.78,9,Furniture
1452,585.56,955.6,0.14,5,Technology
2776,2986.89,18.53,0.63,7,Office Supplies
9379,587.07,849.26,0.15,1,Office Supplies
8144,18.44,888.36,0.43,4,Furniture
8066,359.17,496.36,0.26,6,Office Supplies
3041,3601.57,-49.52,0.25,7,Furniture
7592,3489.07,331.62,0.15,7,Office Supplies
3851,3081.42,-48.58,0.44,1,Furniture
5700,1058.81,678.64,0.49,6,Furniture
8238,2216.38,-179.45,0.38,3,Office Supplies
2389,1426.09,495.78,0.5,2,Technology
6085,1130.96,-201.31,0.02,4,Furniture
2193,2282.53,829.21,0.46,7,Furniture
7547,1227.48,484.09,0.0,2,Furniture
4585,887.67,936.95,0.41,1,Office Supplies
5082,4588.18,-317.96,0.11,8,Office Supplies
9702,4939.58,393.18,0.76,8,Office Supplies
9270,2139.44,860.28,0.36,3,Office Supplies
8777,2255.85,627.67,0.67,5,Office Supplies
8939,3137.47,-88.1,0.06,5,Technology
5451,1685.88,839.54,0.06,3,Technology
7275,3472.81,559.63,0.05,7,Furniture
9890,2334.96,-406.6,0.67,7,Office Supplies
1320,4285.09,648.39,0.3,1,Furniture
5892,3769.84,780.17,0.76,7,Office Supplies
9947,4001.34,846.72,0.39,5,Furniture
8956,154.83,4.19,0.54,7,Office Supplies
3704,4204.12,879.31,0.78,9,Technology
7455,2963.54,494.5,0.07,7,Technology
8564,916.83,-109.77,0.26,8,Furniture
6529,3808.54,68.69,0.6,7,Furniture
2341,2356.83,623.54,0.04,6,Technology
2124,3908.35,477.63,0.6,4,Technology
1333,3110.46,-142.18,0.38,2,Office Supplies
4571,2330.52,-115.63,0.3,10,Office Supplies
2876,3891.18,-254.35,0.25,10,Technology
6111,2883.23,862.04,0.3,4,Technology
4978,518.49,658.72,0.68,10,Technology
1672,1742.55,142.57,0.3,9,Office Supplies
6590,73.13,130.09,0.39,7,Furniture
8532,3539.47,153.23,0.59,5,Office Supplies
9817,3875.46,197.31,0.66,10,Furniture
6280,4260.05,746.1,0.07,8,Technology
8613,2853.55,502.28,0.27,8,Furniture
3979,2442.87,32.24,0.21,5,Office Supplies
5526,2783.4,274.94,0.15,4,Office Supplies
7658,2448.0,637.25,0.55,8,Furniture
1282,474.34,-167.61,0.55,5,Office Supplies
7046,2371.57,296.38,0.34,9,Furniture
6764,3517.25,-93.63,0.2,2,Office Supplies
4155,1584.58,614.32,0.76,3,Technology
4545,3695.64,-85.25,0.47,9,Office Supplies
5636,4902.75,748.94,0.24,6,Technology
5952,80.6,301.2,0.22,1,Office Supplies
5786,3490.11,-310.58,0.69,8,Technology
1200,2874.58,204.1,0.35,3,Technology
5136,4705.91,216.59,0.66,7,Furniture
2213,2889.34,529.68,0.12,10,Furniture
2395,4969.65,-322.32,0.61,10,Office Supplies
4697,3880.71,70.57,0.73,5,Office Supplies
8025,1533.85,431.54,0.49,2,Technology
4457,1330.58,-378.22,0.19,9,Technology
3564,23.35,175.76,0.48,5,Technology
4792,1447.64,-75.92,0.69,2,Office Supplies
4824,4620.32,681.74,0.5,4,Furniture
2880,2727.37,471.45,0.73,3,Technology
1977,837.95,-38.58,0.6,10,Furniture
8195,630.52,533.02,0.56,5,Office Supplies
9847,2474.04,-379.34,0.03,7,Office Supplies
6280,3022.53,-461.2,0.18,10,Office Supplies
1339,4997.87,508.42,0.22,1,Technology
8708,2599.63,163.34,0.22,10,Furniture
9056,4845.59,205.02,0.33,6,Office Supplies
2713,4290.09,-5.29,0.55,5,Office Supplies
7561,4069.69,325.14,0.36,6,Furniture
6296,588.45,658.82,0.69,1,Office Supplies
9889,2315.26,-418.69,0.41,10,Furniture
8242,3802.35,-194.66,0.44,5,Furniture
8941,615.92,959.72,0.49,4,Office Supplies
3594,1560.64,-479.49,0.33,4,Technology
8560,4735.83,471.56,0.12,5,Office Supplies
5479,2083.3,223.75,0.38,8,Office Supplies
3369,1924.09,882.8,0.41,3,Technology
5526,3865.65,781.62,0.27,9,Furniture
1042,1421.37,-52.17,0.47,8,Technology
8316,2697.52,17.69,0.44,9,Furniture
8460,4664.93,804.4,0.78,4,Office Supplies
7274,1175.48,663.32,0.03,8,Office Supplies
7246,1936.53,495.53,0.66,3,Furniture
1606,639.97,948.03,0.27,2,Furniture
2633,2634.5,185.39,0.58,7,Office Supplies
3529,383.39,672.29,0.21,10,Office Supplies
7512,3252.68,777.65,0.68,9,Furniture
6188,3137.73,831.16,0.39,9,Technology
2121,1181.5,526.6,0.23,4,Office Supplies
2480,2175.52,-352.34,0.51,2,Furniture
3725,3473.07,855.14,0.04,1,Furniture
6873,1880.46,-281.65,0.42,10,Office Supplies
3950,858.22,-381.55,0.7,10,Office Supplies
4945,2493.36,374.74,0.19,5,Furniture
5183,3337.54,848.36,0.37,5,Office Supplies
9955,798.3,162.59,0.28,10,Furniture
7951,3454.66,185.25,0.24,7,Furniture
2747,1193.66,357.88,0.46,5,Technology
7484,1379.66,348.89,0.55,1,Office Supplies
9138,4165.87,854.4,0.62,4,Office Supplies
6772,1102.83,-214.8,0.2,3,Office Supplies
2591,4517.98,469.51,0.25,8,Technology
6977,3664.48,-364.8,0.24,7,Technology
4289,669.48,309.11,0.78,9,Office Supplies
5465,4154.06,-114.54,0.66,8,Furniture
6549,4023.12,202.5,0.06,4,Office Supplies
7511,4836.68,706.88,0.29,7,Technology
5332,2687.5,182.18,0.54,5,Office Supplies
7242,4113.86,910.44,0.09,4,Furniture
1410,3101.54,914.75,0.26,10,Technology
2035,3180.67,196.4,0.56,7,Technology
3290,236.28,-444.18,0.8,2,Technology
4846,4437.42,-296.5,0.36,9,Furniture
3531,4428.21,482.38,0.67,10,Furniture
5583,173.25,55.79,0.35,4,Furniture
2627,4904.83,51.0,0.72,6,Technology
7523,1386.65,952.31,0.76,8,Technology
4475,3212.11,395.72,0.02,6,Technology
3063,3937.02,-192.19,0.66,9,Technology
4538,4067.13,-150.5,0.62,10,Technology
5542,4293.45,-282.97,0.1,5,Technology
2801,3308.68,-461.33,0.01,4,Office Supplies
6304,88.75,-101.95,0.1,7,Office Supplies
2862,3730.87,214.37,0.62,9,Office Supplies
2786,2265.51,-167.68,0.49,9,Furniture
8504,3220.27,-453.27,0.8,7,Furniture
2768,2456.44,864.55,0.06,2,Furniture
3430,337.75,-87.48,0.51,9,Office Supplies
6327,1910.71,396.09,0.24,9,Office Supplies
8048,504.9,552.67,0.68,9,Office Supplies
4522,2156.05,832.14,0.33,8,Furniture
7815,3650.77,-31.18,0.25,5,Furniture
3500,3437.24,211.4,0.07,2,Technology
8075,491.86,608.19,0.65,9,Technology
6400,3353.37,116.21,0.7,7,Office Supplies
1842,4842.31,400.62,0.28,10,Office Supplies
4485,782.1,223.28,0.68,6,Office Supplies
7022,583.28,-82.15,0.18,7,Office Supplies
1430,3048.88,486.75,0.55,1,Technology
5477,3516.47,-36.52,0.27,1,Technology
3347,2835.94,101.18,0.11,1,Technology
9691,1083.51,129.75,0.27,6,Furniture
6314,3886.41,351.39,0.07,1,Technology
3579,3774.64,-425.36,0.07,8,Office Supplies
7947,2433.45,163.07,0.22,9,Technology
6655,2155.27,-75.13,0.54,8,Office Supplies
6053,236.63,92.9,0.48,1,Technology
5938,4727.17,651.02,0.61,5,Furniture
2965,48.57,620.52,0.14,7,Office Supplies
4770,2506.31,750.03,0.64,2,Furniture
1693,2186.74,189.63,0.06,6,Office Supplies
8033,2871.26,564.25,0.33,2,Furniture
1341,4831.34,-242.19,0.76,8,Office Supplies
6928,449.77,766.73,0.19,10,Furniture
9584,402.45,805.79,0.6,4,Furniture
3754,391.13,449.84,0.42,4,Furniture
6752,3639.62,728.42,0.65,4,Technology
3399,1287.28,-239.75,0.12,2,Technology
9095,2325.13,345.6,0.46,10,Office Supplies
6295,4322.59,440.83,0.12,2,Furniture
8245,3160.61,694.49,0.47,6,Office Supplies
2215,1558.94,177.87,0.05,5,Technology
2479,3078.89,260.6,0.37,9,Office Supplies
1672,2254.17,714.72,0.52,6,Office Supplies
8792,2511.82,936.58,0.36,6,Office Supplies
2381,2527.7,-241.16,0.2,8,Furniture
9586,2618.51,-261.88,0.3,5,Furniture
7697,3874.58,518.35,0.04,6,Technology
6401,481.58,517.57,0.23,10,Technology
6461,416.69,495.42,0.73,5,Office Supplies
7421,653.47,563.25,0.07,9,Furniture
6381,4067.79,505.17,0.66,9,Technology
7937,2547.36,-472.65,0.25,4,Furniture
8967,968.11,999.96,0.12,5,Technology
9317,3856.66,752.68,0.71,1,Office Supplies
6517,4383.2,427.05,0.48,3,Technology
3962,4158.41,656.65,0.65,3,Office Supplies
8170,228.03,46.45,0.58,8,Office Supplies
5668,3764.43,675.7,0.19,4,Furniture
8684,4520.83,-208.98,0.54,10,Furniture
8564,3849.5,667.19,0.4,7,Technology
4271,4008.28,-292.4,0.2,8,Furniture
2680,3559.89,273.86,0.1,2,Technology
5469,2252.1,270.03,0.66,2,Technology
8391,4424.3,895.71,0.33,7,Office Supplies
7126,1186.53,991.79,0.3,1,Furniture
2623,4197.49,474.94,0.63,3,Technology
5700,4587.81,208.68,0.66,8,Furniture
1086,4530.23,-471.49,0.17,3,Office Supplies
9647,2122.04,664.26,0.19,2,Technology
4906,2104.93,690.85,0.37,2,Furniture
9782,92.01,273.06,0.19,3,Furniture
8032,17.81,29.22,0.46,3,Office Supplies
2402,2622.19,40.91,0.76,9,Office Supplies
9316,2775.22,85.68,0.38,7,Furniture
5155,3739.11,35.64,0.05,4,Office Supplies
2698,3859.79,602.78,0.27,1,Furniture
9945,1699.35,464.19,0.66,8,Office Supplies
8840,3162.36,717.25,0.05,8,Technology
5807,1015.94,686.66,0.71,6,Furniture
9444,1997.14,723.11,0.38,1,Office Supplies
4131,1437.69,793.21,0.04,6,Furniture
3039,3998.72,155.43,0.32,8,Furniture
6554,4868.88,244.3,0.4,9,Furniture
2353,3638.14,-381.61,0.48,3,Office Supplies
5813,1612.85,-379.9,0.53,5,Furniture
7981,841.56,165.86,0.36,6,Office Supplies
8126,1380.03,970.04,0.76,2,Office Supplies
7655,1822.92,701.64,0.54,1,Technology
8179,183.65,-399.15,0.62,6,Furniture
7272,4747.84,-451.42,0.12,8,Furniture
7095,2225.26,-384.67,0.11,6,Furniture
6150,3251.31,-125.58,0.09,3,Furniture
9482,1941.07,342.51,0.21,5,Office Supplies
8311,1080.71,417.82,0.56,8,Technology
3009,687.28,-388.92,0.14,8,Technology
6236,3342.52,564.31,0.44,5,Furniture
3580,3561.93,890.99,0.51,6,Office Supplies
4673,615.6,-198.53,0.11,8,Technology
6912,2774.57,53.37,0.64,9,Technology
2412,338.08,97.24,0.57,8,Office Supplies
7730,3848.13,735.01,0.06,6,Office Supplies
2215,2255.37,520.16,0.28,9,Office Supplies
3981,3841.23,-306.45,0.4,1,Technology
9488,773.55,-253.01,0.26,4,Furniture
9501,4475.68,768.9,0.2,9,Furniture
3050,3128.86,421.64,0.07,3,Office Supplies
3526,864.29,436.72,0.72,6,Office Supplies
1674,4127.93,-457.44,0.04,10,Furniture
4453,3837.13,124.88,0.51,8,Office Supplies
9938,1455.46,934.98,0.39,7,Furniture
8430,374.14,-410.13,0.35,8,Furniture
4342,1707.56,-284.5,0.69,6,Office Supplies
6658,4877.12,-303.85,0.3,9,Technology
6228,1216.27,-316.22,0.36,3,Technology
1829,1458.16,76.22,0.49,4,Technology
6364,4669.42,581.69,0.15,3,Furniture
9433,2339.41,818.61,0.4,2,Furniture
9281,2291.58,-138.91,0.47,1,Technology
5609,2479.52,823.51,0.52,8,Furniture
9793,50.81,-338.75,0.11,5,Office Supplies
6992,3821.65,48.91,0.32,10,Office Supplies
4189,1818.99,-67.1,0.31,8,Office Supplies
5582,4128.3,434.86,0.49,3,Technology
7453,1872.26,980.18,0.45,6,Technology
4261,3016.29,102.08,0.03,1,Technology
6456,4021.79,279.0,0.12,9,Technology
6373,4657.53,-22.2,0.31,10,Office Supplies
5902,2972.69,260.97,0.41,8,Office Supplies
5911,2379.71,-475.04,0.26,2,Furniture
6040,3985.81,587.99,0.55,1,Office Supplies
8775,1335.0,483.39,0.78,10,Office Supplies
4728,3609.79,375.28,0.14,10,Furniture
3421,4110.09,-136.71,0.46,2,Technology
1310,2210.78,128.17,0.33,4,Furniture
9221,3877.11,880.78,0.7,1,Office Supplies
3262,2598.23,341.33,0.8,8,Office Supplies
7173,1575.63,-240.23,0.73,6,Office Supplies
6804,3382.58,801.48,0.54,5,Office Supplies
8932,969.4,-130.22,0.45,4,Furniture
5735,3527.46,535.36,0.39,8,Furniture
5480,1446.07,360.22,0.43,7,Furniture
3399,1459.36,-68.55,0.57,6,Furniture
5201,3739.22,-179.02,0.66,5,Office Supplies
5450,694.99,423.52,0.47,4,Technology
9700,1136.1,-150.75,0.08,6,Office Supplies
8739,511.72,656.15,0.0,9,Technology
7666,3267.94,820.97,0.38,4,Furniture
6262,1434.22,-411.26,0.61,10,Technology
9767,3696.05,775.5,0.03,3,Furniture
3880,4670.27,-445.49,0.67,8,Technology
5742,4384.95,-486.1,0.45,2,Furniture
5662,2277.2,461.97,0.42,3,Office Supplies
8668,1371.46,713.22,0.26,8,Office Supplies
5215,3595.8,-478.87,0.27,5,Office Supplies
4164,885.72,784.22,0.72,7,Office Supplies
6372,442.82,503.88,0.15,3,Furniture
6301,4679.77,-489.75,0.31,8,Furniture
6400,1516.71,584.32,0.01,6,Office Supplies
4871,320.0,-322.66,0.25,7,Office Supplies
9233,4616.3,831.7,0.62,2,Office Supplies
5833,1844.04,-168.73,0.77,8,Technology
8454,3741.2,408.61,0.33,9,Furniture
9806,4011.96,738.41,0.61,10,Technology
9609,2239.27,555.65,0.06,10,Technology
2011,4145.58,854.33,0.16,9,Technology
3695,1647.31,280.51,0.09,4,Office Supplies
9008,463.8,265.56,0.65,8,Technology
9409,2082.97,345.87,0.45,5,Office Supplies
1356,1985.78,724.68,0.6,10,Technology
1742,2124.25,550.58,0.43,1,Technology
8734,168.36,113.3,0.62,7,Furniture
7266,2248.2,875.67,0.3,2,Office Supplies
9835,673.62,790.43,0.09,9,Furniture
9664,645.46,968.09,0.67,1,Furniture
8585,3370.76,316.67,0.43,4,Technology
8546,1737.34,-86.53,0.75,2,Technology
7868,3078.47,904.36,0.71,4,Technology
2102,513.47,-449.64,0.48,1,Technology
1724,2017.3,-148.49,0.17,1,Technology
9255,4967.48,-148.76,0.73,10,Furniture
6253,1192.15,814.39,0.79,9,Technology
7775,1509.5,-408.56,0.76,3,Office Supplies
7999,2783.69,-429.67,0.28,7,Office Supplies
6222,3484.58,112.39,0.24,3,Office Supplies
8758,1212.43,-161.98,0.69,3,Furniture
1944,2816.31,951.68,0.45,3,Furniture
4978,1282.43,-4.61,0.06,8,Furniture
2514,2682.82,744.11,0.04,7,Office Supplies
1647,4369.37,-217.76,0.61,9,Technology
8854,1052.36,860.55,0.24,1,Technology
4113,4810.77,-324.03,0.8,8,Technology
4350,1989.19,-141.0,0.26,5,Furniture
8639,2672.91,38.89,0.21,9,Furniture
8635,502.06,971.98,0.38,6,Technology
7073,1571.48,-431.43,0.69,3,Technology
5272,2771.02,376.05,0.58,5,Technology
4214,1656.03,69.76,0.67,8,Office Supplies
6530,1294.06,732.39,0.77,8,Furniture
3756,3666.53,28.26,0.11,9,Furniture
4015,4585.33,313.21,0.51,1,Office Supplies
1554,4196.95,-388.5,0.65,1,Technology
7756,696.08,446.05,0.05,3,Technology
4583,2533.61,59.8,0.49,10,Furniture
8993,88.5,298.32,0.33,1,Office Supplies
5501,2683.33,-69.97,0.4,7,Technology
2753,4591.06,286.58,0.19,10,Office Supplies
5135,4077.92,-99.01,0.32,6,Furniture
8520,2829.36,985.35,0.18,2,Office Supplies
1519,476.57,68.9,0.44,1,Office Supplies
1154,3517.2,-375.97,0.68,6,Office Supplies
2562,4475.01,878.73,0.18,10,Furniture
5441,242.34,-388.48,0.74,9,Office Supplies
1539,904.98,775.64,0.01,4,Office Supplies
3362,3763.75,569.07,0.32,2,Furniture
3661,2824.15,350.04,0.68,9,Furniture
7288,3780.49,-290.07,0.79,2,Office Supplies
6666,277.95,155.63,0.67,6,Office Supplies
7499,4844.91,-10.44,0.51,8,Furniture
4737,1785.5,911.71,0.35,10,Office Supplies
7227,437.61,427.92,0.64,2,Technology
5390,779.56,567.52,0.51,7,Furniture
6909,541.69,-492.21,0.25,6,Furniture
2674,671.21,-218.91,0.36,9,Office Supplies
7685,525.43,-365.57,0.44,10,Office Supplies
6315,4319.95,-481.49,0.33,2,Office Supplies
4977,2864.08,-245.63,0.3,3,Furniture
5933,1349.35,-281.1,0.13,5,Furniture
5911,2426.31,-384.62,0.2,4,Office Supplies
9123,2973.09,-206.68,0.09,5,Technology
7483,1667.76,430.29,0.64,6,Furniture
6484,2158.77,735.3,0.52,10,Technology
5922,1610.12,920.92,0.16,6,Technology
7524,4843.94,-62.83,0.56,8,Office Supplies
4971,1636.17,-79.55,0.63,6,Technology
4273,2965.21,318.44,0.55,9,Technology
8563,4715.44,-185.53,0.64,2,Furniture
9180,704.5,-45.75,0.2,3,Office Supplies
7932,3947.49,-389.05,0.79,8,Office Supplies
7566,2676.49,885.24,0.7,7,Office Supplies
1602,3955.7,39.29,0.72,9,Office Supplies
2392,555.75,-127.65,0.53,3,Office Supplies
1725,2820.47,467.55,0.52,6,Furniture
2735,62.63,-111.89,0.41,9,Office Supplies
4621,2234.43,86.7,0.62,10,Office Supplies
9199,762.22,996.55,0.39,5,Furniture
2406,589.19,911.01,0.11,5,Furniture
8460,3923.51,281.67,0.28,2,Furniture
8412,1601.36,-49.6,0.65,2,Technology
6620,3243.37,515.71,0.13,4,Office Supplies
3858,2764.03,-3.52,0.34,8,Technology
7636,3152.5,-220.42,0.53,7,Technology
4232,2253.38,144.33,0.0,4,Technology
5560,3764.1,713.09,0.05,2,Office Supplies
4063,1835.31,-204.39,0.09,8,Office Supplies
6134,2988.88,416.96,0.47,6,Furniture
8501,3090.64,720.61,0.56,5,Office Supplies
2388,3363.83,-30.22,0.19,2,Technology
7116,3470.25,266.24,0.33,3,Office Supplies
7286,2120.96,230.01,0.43,3,Office Supplies
3733,2453.31,-289.56,0.25,8,Office Supplies
1878,4328.96,927.76,0.39,4,Furniture
9281,3268.82,113.7,0.39,8,Furniture
3740,422.53,-453.71,0.61,5,Technology
5503,1131.97,-66.99,0.62,10,Office Supplies
9115,2753.13,-330.18,0.09,9,Furniture
9880,4114.83,-437.58,0.58,9,Technology
7965,521.06,745.11,0.6,5,Technology
8368,1321.45,793.3,0.07,2,Technology
4438,4055.41,381.89,0.28,10,Office Supplies
8015,838.25,-291.15,0.17,4,Technology
6747,2666.08,395.29,0.13,5,Furniture
5380,4762.46,271.62,0.72,2,Technology
7743,4594.66,988.73,0.69,3,Office Supplies
3174,1255.89,567.09,0.66,7,Furniture
3329,2891.35,-96.92,0.33,8,Technology
2525,2020.23,624.7,0.56,6,Furniture
8996,1643.17,-496.29,0.62,2,Office Supplies
8511,3177.85,545.93,0.68,9,Furniture
4568,4840.96,737.27,0.4,6,Furniture
6533,2741.08,-304.11,0.68,6,Office Supplies
1793,239.26,439.27,0.67,1,Technology
3588,2212.02,-498.99,0.77,4,Office Supplies
3161,4411.92,-47.2,0.7,5,Technology
6905,1259.44,57.77,0.72,3,Technology
7493,3131.77,588.98,0.6,7,Office Supplies
2494,3521.45,-498.37,0.38,3,Office Supplies
4705,2602.03,167.6,0.01,6,Technology
7919,3473.21,216.55,0.18,2,Office Supplies
2678,524.98,51.34,0.24,7,Technology
3340,351.37,344.94,0.49,3,Furniture
6753,3614.94,442.12,0.12,7,Office Supplies
8248,4301.21,-369.97,0.08,2,Office Supplies
7291,1764.16,144.08,0.63,4,Furniture
2380,1248.35,401.5,0.58,5,Office Supplies
1439,4240.98,487.61,0.24,9,Office Supplies
9348,951.35,87.63,0.52,4,Furniture
7322,572.59,249.37,0.48,9,Technology
6916,4670.28,-302.03,0.69,10,Furniture
6986,2736.32,-240.84,0.38,2,Technology
2106,78.83,-176.39,0.74,7,Office Supplies
5693,3146.57,251.57,0.33,7,Technology
9791,2692.9,-270.98,0.07,2,Office Supplies
4329,4871.82,-266.93,0.26,10,Office Supplies
2083,1557.75,156.23,0.76,4,Technology
5005,440.2,151.73,0.36,10,Technology
6067,3333.74,487.08,0.14,1,Office Supplies
3248,3510.48,-254.25,0.76,9,Office Supplies
5247,843.15,-309.6,0.62,5,Office Supplies
2934,3859.44,-455.97,0.65,5,Office Supplies
2046,1322.12,962.58,0.5,8,Furniture
9368,1807.02,249.42,0.45,6,Technology
5179,3868.91,841.4,0.54,2,Technology
9336,22.82,788.03,0.01,1,Furniture
6963,1921.07,-274.87,0.74,1,Office Supplies
7870,1130.33,-127.61,0.73,6,Furniture
2276,2861.96,-320.9,0.54,1,Technology
4656,4023.65,972.12,0.76,2,Furniture
5625,3869.9,-33.95,0.07,8,Technology
7044,1011.35,345.71,0.24,10,Technology
8600,1847.69,957.79,0.8,4,Office Supplies
9954,3804.81,-132.31,0.01,7,Technology
4817,2712.31,453.91,0.55,1,Furniture
1023,3797.06,64.41,0.59,5,Technology
4361,2653.77,-142.75,0.39,1,Technology
5584,474.2,881.91,0.72,9,Furniture
7102,2297.71,621.85,0.46,9,Technology
7461,383.4,351.73,0.35,3,Technology
5778,1312.34,-27.49,0.64,6,Furniture
8417,1367.06,-387.97,0.16,10,Technology
3546,537.23,174.35,0.25,2,Office Supplies
6870,4823.53,-188.55,0.25,5,Technology
2481,796.5,529.08,0.66,10,Technology
4522,4181.26,-8.31,0.07,4,Furniture
7492,2572.16,515.78,0.21,3,Technology
7625,4274.46,333.93,0.44,2,Furniture
2669,4021.44,-290.31,0.01,4,Technology
4246,4120.13,58.36,0.5,2,Office Supplies
5240,4587.97,-387.52,0.8,4,Office Supplies
8265,4048.4,-362.03,0.68,6,Technology
1699,4711.98,-424.04,0.74,7,Office Supplies
7471,2485.67,74.09,0.34,6,Technology
4066,1382.16,169.02,0.12,10,Office Supplies
5026,3239.92,248.34,0.71,8,Technology
2437,1406.08,-294.15,0.16,9,Technology
9907,3976.28,984.11,0.63,6,Furniture
9921,3909.36,16.05,0.45,6,Furniture
5430,907.28,-21.68,0.18,5,Technology
8728,2651.87,650.26,0.8,3,Technology
5060,3287.75,-100.21,0.65,1,Technology
7363,1780.48,758.83,0.68,3,Technology
6210,4032.99,546.44,0.73,1,Office Supplies
6761,4738.32,345.41,0.45,4,Furniture
9882,1552.17,235.65,0.07,4,Office Supplies
4584,109.44,216.98,0.27,10,Technology
3137,1710.39,-233.81,0.64,6,Technology
1359,747.08,557.04,0.11,2,Office Supplies
6978,4803.19,60.39,0.75,7,Office Supplies
2655,1689.44,-16.1,0.78,7,Office Supplies
8982,3249.41,-238.7,0.77,10,Furniture
4657,3331.0,721.68,0.3,5,Technology
3911,3646.87,923.18,0.76,7,Office Supplies
1530,918.59,-22.67,0.65,10,Technology
2705,4684.07,-289.03,0.6,4,Furniture
6234,847.76,827.98,0.07,6,Furniture
1186,1333.41,-125.69,0.05,5,Technology
1020,250.26,157.33,0.34,3,Furniture
9078,4410.04,26.85,0.3,8,Office Supplies
4695,821.66,-389.44,0.68,5,Technology
6221,1313.03,-342.91,0.27,7,Technology
2228,2739.76,847.19,0.07,10,Office Supplies
8909,3525.48,146.99,0.52,10,Furniture
3573,277.24,-3.36,0.78,7,Office Supplies
9849,1333.67,-77.72,0.19,1,Furniture
9043,776.41,41.24,0.34,5,Office Supplies
8869,1006.38,-461.4,0.14,5,Technology
8758,4220.41,-37.47,0.32,8,Office Supplies
5341,464.77,316.19,0.15,7,Furniture
4056,2234.42,-105.06,0.37,4,Furniture
2009,764.14,544.71,0.08,6,Office Supplies
7782,4853.82,384.59,0.44,7,Office Supplies
7858,4828.48,530.6,0.75,10,Technology
8803,1501.27,92.21,0.68,1,Office Supplies
9467,4004.25,516.3,0.5,2,Furniture
3832,4745.82,-249.25,0.17,4,Technology
1699,2122.64,982.42,0.35,3,Office Supplies
5225,1605.55,590.65,0.65,2,Furniture
7510,2764.75,784.94,0.42,1,Office Supplies
9561,3910.61,-331.22,0.12,10,Office Supplies
2641,4625.39,344.03,0.08,5,Office Supplies
6633,4390.69,-103.8,0.52,10,Office Supplies
8750,196.95,-86.88,0.12,10,Office Supplies
7581,203.52,834.36,0.27,4,Technology
8785,4604.97,845.55,0.02,5,Furniture
5593,4215.8,787.35,0.55,4,Technology
5923,4871.35,164.67,0.66,5,Office Supplies
7828,3028.85,-366.07,0.35,7,Office Supplies
8937,3799.87,800.78,0.66,9,Technology
2075,1562.5,260.19,0.11,9,Office Supplies
1474,876.95,812.77,0.16,1,Technology
1541,2287.68,877.05,0.56,5,Furniture
8605,2530.58,453.11,0.1,1,Technology
7102,2449.05,169.16,0.77,8,Office Supplies
6730,1727.8,756.48,0.21,2,Furniture
1449,1938.96,-255.64,0.46,4,Technology
4688,3391.7,-96.37,0.33,1,Office Supplies
1145,2375.75,-301.53,0.14,1,Technology
5135,3045.64,914.51,0.57,5,Furniture
7168,4259.42,188.5,0.17,5,Office Supplies
9530,4123.31,95.73,0.08,9,Office Supplies
7131,2811.67,390.66,0.23,2,Furniture
2045,1688.06,-85.28,0.26,5,Furniture
5895,949.92,275.94,0.19,1,Office Supplies
7620,3306.05,521.13,0.58,8,Furniture
5250,4535.49,106.9,0.59,10,Office Supplies
4111,1722.4,570.05,0.55,8,Office Supplies
6873,2541.5,768.13,0.67,9,Technology
5813,497.04,-308.08,0.21,9,Technology
6499,3275.63,-166.62,0.18,5,Furniture
6428,1864.7,378.36,0.37,2,Furniture
1879,4333.3,375.36,0.76,2,Furniture
4187,2507.38,801.25,0.31,5,Furniture
1885,4355.54,-273.83,0.79,6,Furniture
8496,724.69,793.59,0.14,2,Furniture
6449,3158.85,-234.76,0.51,1,Furniture
5481,1054.82,660.31,0.46,3,Furniture
2442,655.74,150.57,0.34,7,Furniture
7280,33.3,300.67,0.58,1,Furniture
9700,960.98,515.12,0.5,4,Technology
6641,1567.34,-345.94,0.4,5,Technology
2069,4120.98,-52.7,0.23,9,Office Supplies
9587,1695.8,831.96,0.8,6,Furniture
6885,3753.08,-252.67,0.73,7,Technology
4742,1129.36,977.32,0.17,1,Office Supplies
9267,853.23,49.89,0.52,1,Furniture
5190,3858.54,434.7,0.48,1,Office Supplies
2771,3271.3,-470.39,0.55,7,Furniture
7230,626.74,-120.89,0.56,4,Office Supplies
1152,1512.57,492.5,0.53,5,Office Supplies
3247,2099.94,847.93,0.41,10,Technology
5631,578.92,-340.6,0.16,4,Furniture
9571,4865.87,36.88,0.33,3,Technology
9980,2486.81,-188.46,0.75,6,Technology
1044,73.62,-366.5,0.09,10,Office Supplies
9095,754.23,-364.88,0.41,2,Furniture
4787,2289.19,965.94,0.21,1,Technology
3862,4371.96,778.37,0.29,6,Furniture
2898,484.04,637.31,0.04,3,Office Supplies
3793,1650.02,841.79,0.76,5,Office Supplies
2522,1869.38,14.08,0.09,7,Furniture
5453,4180.18,534.85,0.38,7,Office Supplies
3732,574.15,544.25,0.05,3,Technology
7816,4557.02,224.01,0.46,8,Technology
7221,3898.03,417.04,0.69,3,Furniture
8997,573.56,116.93,0.04,5,Office Supplies
6148,71.68,802.5,0.42,10,Office Supplies
4669,4889.7,504.77,0.27,9,Office Supplies
2560,2169.91,589.98,0.39,7,Technology
1894,68.11,901.56,0.4,8,Furniture
3709,383.58,237.47,0.19,5,Technology
9305,1121.31,464.98,0.32,4,Technology
8521,2226.5,359.55,0.07,8,Furniture
6178,602.35,246.06,0.52,2,Furniture
7755,188.8,323.65,0.66,10,Office Supplies
5990,4451.65,343.5,0.52,8,Furniture
6953,4128.3,724.88,0.68,6,Office Supplies
8751,3586.12,44.94,0.36,2,Office Supplies
4633,20.96,32.71,0.51,5,Office Supplies
9552,1875.71,-340.52,0.72,8,Technology
7704,543.74,416.28,0.15,7,Technology
8488,4124.53,-214.13,0.27,7,Technology
3018,3863.0,175.76,0.53,9,Technology
9172,31.64,604.32,0.44,7,Office Supplies
8912,4622.61,671.62,0.73,10,Technology
3103,526.73,486.28,0.48,6,Office Supplies
7302,2099.14,413.49,0.55,4,Furniture
7518,4818.33,955.74,0.36,3,Technology
7762,3016.6,829.66,0.41,9,Furniture
4560,1012.44,436.25,0.23,6,Office Supplies
3173,4906.86,475.13,0.77,9,Office Supplies
6281,3554.66,641.16,0.45,10,Office Supplies
7839,3374.47,840.8,0.43,7,Technology
9564,541.29,71.31,0.04,1,Technology
5374,3753.42,-258.6,0.23,5,Technology
2016,3456.07,-57.29,0.6,1,Furniture
8415,521.38,802.05,0.59,4,Office Supplies
7371,1195.6,676.46,0.64,5,Office Supplies
1769,4633.16,81.33,0.77,6,Office Supplies
1881,74.7,-122.99,0.5,8,Technology
7025,3777.99,319.92,0.48,4,Furniture
8353,895.36,523.99,0.15,3,Office Supplies
9418,605.58,-439.05,0.22,5,Technology
3636,2924.09,-117.48,0.26,3,Technology
3518,4643.85,395.32,0.62,10,Office Supplies
5934,2457.85,359.02,0.29,6,Office Supplies
4603,4785.37,280.91,0.63,3,Furniture
9897,2689.81,-362.08,0.18,4,Office Supplies
6437,1662.02,-59.64,0.76,10,Office Supplies
8780,4983.19,735.53,0.78,1,Technology
6668,2233.88,856.74,0.49,10,Technology
1653,3415.93,-18.59,0.73,2,Furniture
5203,2705.78,-75.76,0.73,6,Office Supplies
9335,2233.33,-434.22,0.72,4,Furniture
9419,420.9,-356.07,0.78,9,Office Supplies
1120,3138.4,-183.83,0.5,4,Office Supplies
7950,4179.97,-191.63,0.66,7,Office Supplies
2181,3736.99,-269.37,0.37,6,Technology
2433,375.51,-233.01,0.2,2,Office Supplies
4729,4555.82,111.45,0.36,7,Furniture
6183,94.29,509.95,0.43,10,Technology
1745,3507.4,-391.12,0.74,2,Furniture
5937,3036.76,-77.72,0.74,7,Furniture
1504,2375.2,300.2,0.11,7,Office Supplies
5832,4801.07,-283.89,0.54,6,Technology
3316,624.94,-492.46,0.48,9,Office Supplies
2394,1530.41,622.44,0.72,6,Technology
7760,4529.08,777.19,0.11,3,Technology
5140,979.69,-227.96,0.64,1,Office Supplies
8557,3226.93,-390.28,0.54,5,Technology
4234,3630.69,230.79,0.26,3,Office Supplies
4842,509.22,429.27,0.72,6,Furniture
8383,1648.45,489.13,0.55,3,Office Supplies
6971,4040.42,937.99,0.13,6,Technology
4629,3563.87,461.26,0.22,6,Technology
6432,4390.65,194.27,0.29,5,Furniture
2783,887.09,409.94,0.67,3,Office Supplies
4218,1323.54,829.5,0.06,2,Technology
9309,3161.82,718.96,0.46,10,Technology
1600,2762.45,315.2,0.8,8,Office Supplies
3435,1835.43,-165.04,0.62,5,Technology
8613,2510.6,-364.17,0.29,1,Office Supplies
4913,4241.43,709.81,0.49,3,Office Supplies
3299,2236.64,-231.28,0.76,3,Office Supplies
8921,4696.48,-439.37,0.61,4,Technology
5331,1853.48,-435.79,0.17,6,Furniture
8695,4590.33,822.33,0.03,6,Technology
9542,3171.5,-89.76,0.59,10,Office Supplies
3848,1889.53,67.78,0.47,2,Office Supplies
5121,1887.88,860.86,0.41,6,Furniture
8976,3965.36,830.76,0.01,3,Furniture
3713,1157.65,271.81,0.22,3,Technology
3578,1817.49,575.95,0.09,4,Furniture
6410,3604.08,222.27,0.38,4,Office Supplies
3641,3239.82,116.35,0.19,3,Office Supplies
3639,682.27,268.96,0.71,3,Technology
3725,1298.72,-229.94,0.77,10,Office Supplies
1305,4393.76,591.96,0.66,2,Technology
8359,3036.56,207.12,0.39,4,Furniture
3338,3975.13,730.68,0.15,9,Furniture
3747,3623.69,14.01,0.36,10,Technology
4765,1897.27,-301.68,0.01,9,Office Supplies
7877,4134.31,408.27,0.14,10,Office Supplies
1639,4389.99,297.14,0.6,2,Furniture
3135,4510.9,308.93,0.0,7,Office Supplies
7892,1858.18,-434.84,0.42,4,Furniture
7246,1759.08,706.93,0.73,10,Technology
7971,678.08,215.71,0.19,2,Furniture
9908,2049.15,-216.47,0.57,1,Office Supplies
9561,597.96,-489.21,0.52,6,Furniture
6935,541.85,139.11,0.47,5,Office Supplies
7939,2827.7,417.82,0.79,7,Technology
7770,2765.0,336.34,0.14,9,Office Supplies
8925,1276.35,-40.02,0.28,7,Office Supplies
3262,4276.44,488.92,0.6,8,Office Supplies
3650,510.39,262.52,0.63,9,Office Supplies
1852,812.08,946.86,0.0,2,Technology
8727,4630.05,153.07,0.05,4,Furniture
2311,3049.05,586.74,0.74,7,Office Supplies
9536,1439.48,945.29,0.05,3,Office Supplies
9099,2200.47,-197.44,0.53,9,Furniture
4190,177.71,399.27,0.41,4,Office Supplies
3776,3373.38,39.61,0.52,3,Technology
5520,3900.57,29.69,0.32,10,Technology
9482,86.68,555.43,0.74,9,Furniture
6703,1743.9,723.27,0.18,4,Furniture
7618,2878.78,-108.34,0.33,2,Office Supplies
2185,2520.81,9.95,0.09,9,Furniture
9813,4067.61,362.34,0.56,7,Office Supplies
8923,3852.14,636.21,0.77,8,Office Supplies
8548,4483.65,793.03,0.39,5,Technology
7269,3171.97,991.3,0.54,4,Furniture
7757,4777.67,274.76,0.01,5,Technology
5706,474.12,510.55,0.66,2,Office Supplies
3924,2388.01,30.31,0.72,5,Technology
4115,2500.01,-200.5,0.59,5,Technology
4755,1021.81,-125.46,0.49,3,Technology
2964,4601.74,513.72,0.53,10,Technology
9871,4790.39,772.02,0.3,6,Furniture
5501,2459.12,976.59,0.73,5,Furniture
4638,3753.35,-307.63,0.42,7,Furniture
9859,172.49,20.93,0.69,3,Furniture
2972,3494.24,190.11,0.55,1,Office Supplies
4452,1903.35,-348.88,0.29,5,Technology
9987,1321.62,-95.89,0.77,6,Furniture
4013,2498.86,-184.2,0.56,6,Furniture
7563,1405.35,-230.17,0.1,10,Office Supplies
4744,4072.81,581.22,0.64,9,Furniture
7240,988.36,700.06,0.59,8,Technology
3893,2113.39,-298.29,0.71,9,Office Supplies
6172,3928.81,-49.95,0.45,10,Technology
7527,503.88,-254.99,0.17,5,Furniture
2577,2254.78,1.98,0.29,9,Office Supplies
5222,1727.26,117.64,0.28,10,Technology
9821,880.95,670.46,0.28,9,Furniture
8322,4449.27,71.61,0.23,3,Technology
6527,2114.86,418.47,0.32,2,Technology
3654,1724.69,-29.78,0.52,5,Office Supplies
7479,1363.53,167.35,0.69,6,Office Supplies
9535,4827.97,120.98,0.15,1,Technology
4844,3313.49,910.66,0.56,2,Technology
3734,1991.26,-356.67,0.75,8,Office Supplies
1881,141.56,95.52,0.61,2,Technology
5300,3094.33,-373.53,0.75,7,Furniture
4757,1244.51,-73.74,0.5,3,Office Supplies
3795,152.57,495.32,0.69,6,Furniture
8654,4875.16,310.88,0.22,8,Technology
9835,893.41,396.38,0.5,10,Furniture
9576,3202.53,300.68,0.73,8,Office Supplies
4721,4025.49,162.79,0.29,5,Technology
5973,62.67,284.97,0.61,3,Furniture
5698,2351.3,-487.52,0.74,8,Furniture
1149,3831.69,696.95,0.48,1,Office Supplies
7121,950.97,823.24,0.35,4,Technology
7385,4143.85,-169.11,0.06,4,Office Supplies
5454,1430.54,614.39,0.65,7,Technology
2121,920.21,-65.61,0.51,10,Furniture
5458,3505.36,237.99,0.26,3,Technology
9764,120.43,958.5,0.23,3,Office Supplies
8183,3638.26,-150.78,0.12,8,Technology
6601,2107.01,678.59,0.4,6,Furniture
1519,1657.94,765.32,0.76,1,Furniture
7429,366.21,205.22,0.15,5,Furniture
1206,618.59,652.22,0.2,8,Technology
1549,1003.91,602.98,0.08,4,Furniture
7375,3410.4,-31.84,0.26,1,Office Supplies
9534,619.49,221.84,0.24,6,Technology
4568,4866.64,-146.05,0.35,1,Technology
5523,2927.64,93.71,0.19,1,Office Supplies
8786,3445.15,-267.51,0.62,4,Technology
9190,466.09,427.97,0.74,1,Technology
6824,3226.43,551.99,0.63,3,Furniture
4812,1590.53,337.53,0.52,6,Furniture
4161,116.55,66.65,0.58,5,Technology
8951,3536.06,338.54,0.43,8,Technology
4057,2722.67,-14.48,0.37,10,Office Supplies
3627,353.69,-267.46,0.24,5,Office Supplies
7014,2275.85,663.88,0.4,3,Technology
6965,3882.32,-141.82,0.58,9,Furniture
4110,2625.11,246.32,0.44,10,Furniture
6285,2054.92,-16.96,0.08,2,Technology
3126,901.41,-453.09,0.09,4,Technology
1521,2859.35,754.45,0.53,9,Office Supplies
5193,254.94,-168.92,0.57,1,Technology
9051,4642.73,748.12,0.37,1,Furniture
7814,4111.91,691.37,0.05,10,Furniture
9667,212.86,-394.42,0.24,4,Office Supplies
2591,515.11,-153.47,0.31,4,Office Supplies
5075,2854.44,921.26,0.45,9,Furniture
2728,3833.75,364.85,0.54,7,Technology
3733,3964.38,324.95,0.4,3,Office Supplies
8258,4668.26,853.73,0.44,6,Furniture
7755,3823.28,145.88,0.58,10,Technology
9939,1077.5,648.56,0.74,5,Furniture
8412,2243.02,95.64,0.58,5,Office Supplies
1267,2592.87,990.12,0.24,5,Technology
4519,4280.04,-467.45,0.66,5,Office Supplies
9376,2786.05,888.88,0.12,1,Furniture
6827,788.97,-102.52,0.71,4,Technology
5198,4057.26,-362.14,0.32,4,Office Supplies
2264,3620.67,689.36,0.14,10,Technology
5921,196.48,712.51,0.31,1,Furniture
6700,4400.16,151.46,0.74,2,Technology
1187,3173.1,448.29,0.04,9,Technology
6231,2704.25,-275.63,0.4,4,Technology
1827,3371.44,996.05,0.78,10,Office Supplies
9269,459.51,147.9,0.63,3,Technology
6507,421.9,357.16,0.04,7,Furniture
2393,1998.65,151.74,0.56,3,Furniture
4245,2444.43,478.37,0.16,10,Office Supplies
9589,1238.77,-392.53,0.62,6,Office Supplies
2467,571.52,120.37,0.29,4,Furniture
6644,2973.45,-463.69,0.24,6,Office Supplies
8245,3119.68,160.7,0.74,4,Technology
7124,788.4,592.73,0.07,1,Technology
3419,4345.07,730.2,0.01,2,Furniture
8373,2361.24,-2.18,0.59,4,Technology
9952,2621.1,-112.01,0.39,3,Office Supplies
1301,1889.27,859.06,0.42,5,Technology
1984,1427.23,683.78,0.49,1,Furniture
1136,342.32,490.56,0.53,6,Technology
1312,1469.55,825.1,0.31,7,Office Supplies
2631,4520.32,226.99,0.48,2,Technology
4258,2508.25,186.98,0.74,1,Technology
5053,4612.13,-42.61,0.39,3,Technology
6681,3424.71,33.07,0.24,9,Furniture
2015,3132.7,818.02,0.71,1,Office Supplies
5590,1135.66,12.68,0.31,3,Technology
7262,2608.38,516.99,0.7,4,Furniture
4938,2868.76,139.7,0.25,10,Furniture
8359,2715.75,-189.86,0.11,9,Office Supplies
4314,4314.31,-36.5,0.56,9,Technology
8046,4978.47,963.67,0.12,10,Technology
6201,348.39,299.44,0.58,3,Furniture
3384,3638.13,648.15,0.7,7,Furniture
5970,2220.59,900.65,0.72,5,Technology
4079,542.79,-222.88,0.61,10,Office Supplies
5372,3031.97,418.54,0.48,4,Office Supplies
1427,1802.71,532.21,0.38,9,Office Supplies
8680,3562.98,60.94,0.68,8,Furniture
3253,827.29,-160.59,0.33,1,Furniture
7767,1120.55,507.01,0.16,4,Technology
3901,4636.24,978.44,0.69,8,Office Supplies
6323,4335.21,831.38,0.34,1,Office Supplies
7232,3603.8,91.23,0.75,10,Office Supplies
9784,2630.9,813.67,0.63,9,Technology
8399,2289.93,816.65,0.7,4,Office Supplies
9812,1984.1,602.76,0.45,9,Office Supplies
1807,957.35,159.33,0.71,5,Furniture
3727,2118.09,419.7,0.04,9,Technology
8595,4151.17,177.55,0.58,2,Technology
9952,685.18,120.34,0.36,3,Furniture
4308,4413.92,-364.73,0.26,3,Office Supplies
3024,465.04,559.34,0.51,2,Office Supplies
7292,3637.1,962.79,0.49,3,Furniture
7235,229.09,-243.67,0.27,3,Technology
3369,902.55,568.07,0.34,5,Office Supplies
8311,1451.01,-228.96,0.72,4,Technology
5146,70.92,246.44,0.4,1,Office Supplies
9084,1197.01,383.29,0.38,7,Furniture
2300,3010.07,-490.14,0.71,5,Office Supplies
4401,254.1,-277.62,0.52,1,Technology
1531,3338.31,757.02,0.24,2,Technology
2784,2090.62,-232.63,0.54,10,Office Supplies
3906,4831.8,624.0,0.29,1,Technology
5903,1620.88,846.29,0.66,7,Office Supplies
2063,1471.24,-298.18,0.56,5,Furniture
9635,2074.65,-185.23,0.17,1,Technology
9666,4936.07,225.49,0.55,5,Furniture
6185,1305.7,362.71,0.5,3,Office Supplies
9132,2603.33,447.79,0.39,3,Office Supplies
4812,3545.85,968.89,0.0,1,Furniture
2932,3689.97,-189.0,0.49,7,Furniture
1745,1675.62,340.62,0.51,1,Office Supplies
4296,3453.19,-118.37,0.05,5,Office Supplies
6307,3837.49,-329.24,0.27,7,Office Supplies
1477,4161.89,-208.98,0.67,8,Furniture
1582,3231.8,222.24,0.5,9,Furniture
8577,3922.11,120.93,0.59,9,Furniture
6169,2780.33,-471.92,0.46,6,Furniture
2084,4848.37,-79.31,0.02,7,Office Supplies
9753,4213.6,356.47,0.31,10,Technology
6050,3529.28,-28.25,0.03,7,Technology
9143,4386.47,57.38,0.66,5,Technology
9603,1518.57,-331.65,0.63,4,Technology
8270,2534.91,698.54,0.72,3,Technology
6572,4618.95,598.66,0.42,6,Technology
2609,4112.47,907.04,0.54,3,Technology
1598,2302.25,570.52,0.42,1,Furniture
1721,3438.39,391.43,0.07,8,Technology
2689,2607.68,488.48,0.25,10,Furniture
4438,1611.19,-211.18,0.22,6,Furniture
2927,1370.54,-263.76,0.09,10,Office Supplies
9422,520.85,313.79,0.44,5,Technology
5641,2874.67,-243.09,0.25,6,Office Supplies
8268,263.12,-456.51,0.72,1,Technology
7284,278.46,139.7,0.14,10,Office Supplies
8304,3085.41,-31.34,0.65,9,Technology
8629,2843.27,-360.63,0.64,8,Technology
8464,1558.85,466.63,0.61,8,Technology
4666,727.17,843.55,0.21,6,Furniture
4004,3501.08,497.77,0.63,6,Furniture
8987,161.02,213.0,0.28,8,Technology
5624,3842.03,406.66,0.1,2,Furniture
2752,1636.09,474.18,0.63,9,Furniture
7566,2956.77,-142.14,0.19,3,Furniture
7288,339.64,-187.64,0.56,7,Furniture
6606,2727.19,-145.77,0.53,2,Office Supplies
8972,580.47,394.11,0.26,2,Furniture
3886,1547.1,108.69,0.48,10,Furniture
6364,2476.53,490.25,0.07,3,Office Supplies
1003,3787.82,491.32,0.36,5,Furniture
8326,986.38,522.28,0.25,10,Office Supplies
5989,4593.32,905.01,0.57,6,Technology
1133,3061.34,265.64,0.68,5,Technology
7049,4506.37,951.85,0.0,9,Furniture
2797,4307.63,798.52,0.19,10,Furniture
6212,3561.75,109.05,0.35,4,Office Supplies
3841,2379.61,-217.66,0.31,6,Furniture
3527,1449.47,809.1,0.1,1,Technology
1257,728.54,827.33,0.53,3,Technology
3248,3214.79,123.78,0.36,10,Furniture
3945,2277.43,136.19,0.66,7,Furniture
4698,937.1,406.86,0.46,4,Office Supplies
9220,1353.56,889.85,0.46,1,Technology
8917,3527.36,-330.25,0.39,2,Technology
9624,4918.06,975.5,0.62,8,Office Supplies
2281,2621.55,415.11,0.2,2,Office Supplies
9834,3992.51,-31.25,0.04,6,Office Supplies
1176,2349.66,268.99,0.38,6,Furniture
6782,4803.3,697.33,0.23,1,Office Supplies
5981,3637.59,345.56,0.05,8,Office Supplies
3770,2868.57,484.48,0.23,10,Technology
5699,2428.95,-309.77,0.06,5,Furniture
3171,3082.83,-87.17,0.21,2,Office Supplies
3860,4551.56,608.45,0.53,6,Technology
5280,3914.81,-145.71,0.14,9,Technology
6617,4920.52,951.02,0.48,3,Furniture
7765,3854.14,-143.08,0.35,3,Technology
6653,281.09,-103.41,0.66,1,Technology
8602,1999.74,-47.95,0.6,9,Technology
7222,3420.71,85.11,0.21,9,Furniture
1194,1451.07,695.96,0.31,6,Office Supplies
1672,495.85,296.94,0.28,7,Office Supplies
5466,1681.49,-99.37,0.08,10,Furniture
8554,3868.02,623.64,0.59,10,Technology
9518,1693.66,535.42,0.14,9,Technology
1138,4160.13,-482.06,0.08,2,Office Supplies
8306,1764.07,587.88,0.2,1,Technology
2506,293.84,391.21,0.72,4,Office Supplies
2995,3543.29,-320.03,0.69,3,Furniture
4027,4481.05,543.48,0.2,8,Office Supplies
2240,3197.51,884.04,0.22,7,Office Supplies
6298,1294.11,671.1,0.22,1,Furniture
7366,1669.95,-409.91,0.76,5,Technology
8218,356.3,969.13,0.16,7,Technology
9061,551.07,310.95,0.35,10,Office Supplies
2740,4563.92,573.1,0.08,2,Technology
5105,3888.41,-471.85,0.4,1,Technology
7397,1339.52,550.08,0.72,10,Technology
9444,3540.95,656.49,0.38,7,Office Supplies
2148,2705.24,-495.04,0.76,8,Technology
9770,4675.86,38.38,0.55,7,Technology
2485,1833.12,780.01,0.27,8,Furniture
4327,891.33,-441.0,0.31,4,Furniture
7391,4483.34,445.93,0.29,2,Office Supplies
8175,3679.27,-290.09,0.15,10,Technology
9015,1949.95,689.11,0.51,8,Office Supplies
8361,4833.2,-475.37,0.27,6,Office Supplies
1701,2033.48,-182.48,0.52,9,Furniture
9791,753.28,369.02,0.74,1,Office Supplies
3319,2449.58,-471.41,0.73,10,Technology
4976,3509.47,-304.19,0.14,1,Furniture
2594,2286.36,-243.97,0.47,2,Technology
9145,2978.94,423.44,0.05,4,Furniture
6527,4059.49,973.29,0.54,6,Technology
9943,695.27,754.64,0.63,1,Office Supplies
3841,1684.16,-318.88,0.11,7,Technology
7060,2771.5,157.99,0.74,1,Technology
2637,3957.35,448.29,0.3,3,Technology
8978,412.81,-489.16,0.74,10,Furniture
7819,3470.58,688.36,0.38,3,Technology
3344,3202.73,284.63,0.33,3,Office Supplies
1616,2985.4,575.8,0.49,2,Office Supplies
5934,1745.79,-493.14,0.19,2,Office Supplies
2567,3098.42,794.1,0.79,9,Technology
8605,3853.95,488.99,0.22,4,Technology
3444,3429.37,952.86,0.38,3,Technology
1706,279.6,46.29,0.17,5,Furniture
8424,226.15,610.63,0.74,3,Technology
1476,2430.46,-325.9,0.72,8,Office Supplies
6340,2101.14,620.63,0.72,4,Technology
6343,1146.63,-144.32,0.33,4,Furniture
4615,376.91,377.64,0.04,7,Technology
4541,4640.16,182.49,0.31,3,Furniture
4181,3163.79,963.33,0.16,3,Technology
1977,1410.21,-333.34,0.37,7,Technology
6629,1107.07,-57.26,0.13,10,Technology
4763,441.51,785.46,0.39,4,Office Supplies
8757,4186.58,-81.24,0.58,4,Technology
6362,2176.9,-166.39,0.74,3,Office Supplies
1083,2094.68,-433.66,0.79,9,Technology
7974,2660.3,218.9,0.64,2,Furniture
9114,1210.15,337.73,0.01,7,Technology
3174,1798.44,-141.41,0.8,1,Furniture
5994,817.4,188.92,0.46,10,Technology
8452,2324.17,-292.06,0.56,3,Furniture
8607,3522.47,-497.95,0.5,7,Office Supplies
6454,2659.29,-55.12,0.6,10,Office Supplies
4393,3940.58,-378.56,0.7,1,Office Supplies
6963,4441.01,-333.55,0.29,10,Technology
6989,1838.5,472.26,0.56,9,Office Supplies
4354,700.64,2.39,0.43,8,Office Supplies
4437,3768.34,641.33,0.26,5,Office Supplies
7929,1392.96,-404.95,0.28,8,Office Supplies
9629,4149.5,205.25,0.43,9,Furniture
8405,3108.55,699.86,0.76,2,Technology
8501,445.67,86.02,0.14,2,Technology
3699,1386.95,545.62,0.4,4,Office Supplies
1371,1472.92,954.36,0.43,3,Furniture
6680,2106.45,606.56,0.02,4,Technology
1361,4360.25,-151.51,0.76,6,Furniture
6616,3282.24,680.24,0.39,9,Office Supplies
8295,2295.46,350.88,0.72,5,Technology
5259,1141.64,57.85,0.23,1,Technology
6785,1429.07,934.32,0.49,3,Office Supplies
9770,1433.38,959.81,0.67,3,Technology
4897,593.42,990.66,0.46,8,Furniture
7056,930.64,343.73,0.03,6,Furniture
3423,1870.85,309.8,0.13,5,Technology
1408,2028.77,249.13,0.12,8,Furniture
3556,31.43,607.74,0.78,6,Office Supplies
5842,2374.81,-65.26,0.76,10,Office Supplies
3409,3999.89,592.82,0.74,6,Office Supplies
2840,3660.89,850.26,0.11,9,Technology
6047,133.73,426.28,0.18,6,Technology
6347,284.62,461.97,0.47,4,Furniture
4206,122.52,307.62,0.36,2,Office Supplies
7462,980.31,-23.36,0.48,1,Office Supplies
6915,1993.81,573.95,0.34,7,Furniture
1199,1430.41,27.03,0.78,9,Technology
4533,3641.99,166.33,0.79,8,Furniture
3683,4030.31,955.54,0.34,7,Technology
2410,726.76,-45.15,0.79,9,Furniture
2083,4666.43,386.02,0.3,1,Furniture
5478,2078.42,333.72,0.57,3,Technology
4047,4163.1,-65.81,0.39,5,Office Supplies
5979,2475.56,609.78,0.18,1,Technology
5303,1507.85,460.83,0.51,2,Office Supplies
5713,2091.61,237.83,0.55,4,Technology
2955,3825.94,239.58,0.78,10,Office Supplies
6927,2909.52,348.36,0.69,8,Office Supplies
2959,1872.28,599.44,0.01,5,Technology
1958,739.22,191.57,0.55,6,Technology
1866,1370.63,129.27,0.73,6,Technology
5749,1465.4,458.42,0.06,4,Office Supplies
4002,3825.8,398.14,0.13,6,Furniture
5932,1364.58,546.95,0.29,9,Office Supplies
6761,4118.34,-480.65,0.41,6,Furniture
7750,1708.16,866.18,0.08,3,Office Supplies
4622,4159.55,692.66,0.45,9,Office Supplies
2867,2092.56,874.05,0.09,3,Technology
8856,1747.57,536.58,0.11,8,Office Supplies
9570,3820.31,13.07,0.57,1,Office Supplies
2943,1119.57,785.22,0.11,4,Furniture
3053,1057.11,971.66,0.34,2,Technology
1308,3875.71,636.0,0.03,2,Technology
9412,2969.95,203.62,0.73,1,Technology
5942,3341.26,631.83,0.63,10,Technology
4277,932.06,27.3,0.07,5,Office Supplies
6698,1767.49,782.71,0.62,10,Technology
9272,2855.47,-351.34,0.46,1,Office Supplies
4555,3581.9,946.4,0.14,9,Technology
2616,4621.92,880.72,0.68,8,Furniture
4033,2203.93,936.62,0.14,6,Furniture
7948,1079.23,-158.67,0.09,6,Technology
8633,560.48,-296.13,0.61,5,Office Supplies
1665,420.42,240.57,0.31,8,Office Supplies
6111,3438.36,761.64,0.18,7,Furniture
8011,952.04,-395.59,0.67,8,Office Supplies
7020,904.69,998.08,0.39,2,Furniture
8177,2618.09,514.78,0.1,7,Furniture
2666,3709.75,838.64,0.13,6,Technology
6548,1009.31,766.04,0.32,4,Furniture
9177,1399.81,570.24,0.47,5,Office Supplies
7557,1786.93,500.02,0.76,8,Office Supplies
5569,745.4,181.95,0.1,8,Furniture
4781,3145.57,-298.09,0.08,1,Technology
9161,3393.76,958.11,0.31,6,Technology
5960,3113.61,-355.5,0.06,9,Furniture
8635,1017.64,493.14,0.39,5,Office Supplies
6629,4049.31,310.79,0.01,1,Furniture
2951,1924.31,-28.16,0.3,8,Technology
1538,892.58,489.12,0.62,3,Furniture
8056,681.1,573.58,0.39,2,Office Supplies
9037,3303.79,528.06,0.46,8,Office Supplies
3560,2538.36,87.08,0.4,7,Office Supplies
6779,3834.69,-73.34,0.05,10,Technology
3100,4186.3,23.32,0.59,1,Office Supplies
6591,1909.06,142.22,0.79,7,Furniture
1924,3309.59,-128.58,0.52,10,Technology
2073,4346.01,-328.29,0.14,9,Furniture
1612,2309.94,795.05,0.45,7,Furniture
1334,3482.83,381.98,0.79,7,Office Supplies
7394,1618.88,-353.41,0.39,4,Furniture
9138,2518.81,647.36,0.27,10,Furniture
6952,4847.44,-197.36,0.51,2,Office Supplies
4507,1443.9,-428.7,0.8,7,Technology
2506,3591.36,367.29,0.47,5,Technology
9700,2381.59,-185.39,0.64,5,Office Supplies
5913,2170.22,309.92,0.16,7,Furniture
9443,2271.61,645.16,0.14,1,Office Supplies
9457,4314.92,365.26,0.17,8,Furniture
9728,4046.58,779.16,0.73,10,Office Supplies
1981,2616.13,46.41,0.12,3,Office Supplies
5919,4222.17,115.39,0.69,2,Office Supplies
4335,4231.38,-99.6,0.23,3,Furniture
4868,2035.27,-329.66,0.15,4,Furniture
8604,2432.06,986.94,0.34,1,Technology
3610,1370.83,-456.29,0.63,5,Office Supplies
3883,3225.03,-436.65,0.58,1,Technology
2375,1576.38,-53.03,0.05,7,Furniture
2479,1990.51,759.72,0.67,4,Technology
9196,4665.35,282.94,0.66,9,Furniture
9133,4423.98,-142.88,0.1,6,Furniture
7388,4031.15,615.94,0.75,4,Technology
2750,884.02,954.89,0.35,5,Office Supplies
1916,2456.89,62.06,0.76,6,Office Supplies
7943,2379.52,-130.48,0.22,3,Furniture
8786,3581.2,732.05,0.02,10,Technology
1895,3456.51,683.2,0.19,9,Furniture
6067,3198.36,550.93,0.72,2,Office Supplies
4872,4289.66,82.71,0.73,7,Furniture
5929,460.35,734.06,0.19,4,Technology
8190,3160.45,819.2,0.61,7,Technology
5489,4333.56,734.8,0.75,8,Office Supplies
7765,4633.22,-0.92,0.34,2,Technology
5275,2536.61,27.78,0.48,9,Office Supplies
6353,2271.78,-458.97,0.04,3,Office Supplies
8264,3957.19,-295.86,0.32,5,Furniture
2347,563.03,-125.59,0.57,3,Office Supplies
7722,3965.29,-20.9,0.38,3,Furniture
3842,3440.46,740.15,0.64,4,Technology
7791,1844.32,90.24,0.3,10,Technology
1339,4741.06,884.67,0.52,4,Technology
8576,999.35,551.89,0.14,7,Office Supplies
8027,3005.96,-276.12,0.77,3,Office Supplies
2922,80.43,288.76,0.62,8,Office Supplies
9096,601.38,570.35,0.15,5,Furniture
9096,1916.55,146.96,0.17,4,Furniture
4102,2097.47,112.79,0.12,5,Furniture
4858,3092.22,860.99,0.3,8,Technology
1169,2349.72,807.17,0.78,7,Office Supplies
4476,3569.55,562.68,0.59,5,Technology
2561,2789.43,-421.83,0.74,8,Furniture
1745,36.75,256.81,0.3,7,Office Supplies
7076,669.87,838.34,0.03,3,Furniture
3783,2523.7,895.49,0.7,3,Technology
6198,3554.18,149.39,0.21,6,Technology
3095,2501.06,960.06,0.22,6,Furniture
5635,4514.94,-105.18,0.66,5,Office Supplies
6128,2184.52,-252.52,0.59,8,Technology
8208,275.58,-277.07,0.18,1,Furniture
5263,826.14,200.7,0.09,8,Technology
8233,1789.04,563.54,0.39,8,Technology
3425,627.03,-359.63,0.69,3,Technology
9335,4114.63,344.87,0.53,4,Office Supplies
1067,2634.82,356.18,0.33,2,Technology
9161,3387.77,831.05,0.02,2,Furniture
7120,2955.79,926.83,0.67,3,Technology
2328,2306.56,561.56,0.38,5,Office Supplies
1095,1653.84,-434.23,0.5,8,Furniture
3118,1064.72,-426.98,0.51,6,Technology
2158,2740.31,403.44,0.07,5,Technology
4933,4825.6,798.27,0.07,4,Technology
7365,3899.67,-72.6,0.6,3,Technology
5891,2459.32,148.54,0.65,5,Office Supplies
3151,1801.63,-355.83,0.29,4,Furniture
8298,4428.21,214.66,0.45,7,Technology
7922,4056.86,420.8,0.35,7,Technology
1662,2571.57,959.91,0.54,3,Furniture
9638,3151.5,287.02,0.23,7,Technology
8825,1508.96,976.28,0.55,5,Technology
9570,2144.38,352.8,0.44,1,Office Supplies
2763,2558.15,119.53,0.37,10,Furniture
6823,1281.75,-377.35,0.4,2,Office Supplies
8583,905.97,-226.69,0.31,2,Furniture
5876,1576.59,586.14,0.61,8,Office Supplies
5342,1713.26,877.17,0.65,4,Technology
2281,3737.68,406.08,0.7,2,Furniture
9755,99.4,92.4,0.01,8,Furniture
7637,4345.21,948.71,0.48,8,Furniture
6910,3456.4,944.71,0.54,5,Technology
3049,684.22,-213.8,0.65,4,Technology
4428,2410.77,-282.27,0.19,9,Technology
2410,1511.58,195.14,0.38,1,Technology
3721,4513.05,608.17,0.36,8,Furniture
1321,4300.38,377.84,0.16,10,Furniture
1834,1675.91,-346.0,0.68,7,Furniture
9121,3688.02,393.76,0.44,5,Technology
8987,2004.41,270.03,0.58,8,Technology
1994,2646.26,133.01,0.25,2,Furniture
7834,4446.81,-324.59,0.5,6,Furniture
8147,113.83,-67.98,0.15,6,Furniture
4802,2543.1,381.49,0.55,10,Office Supplies
8675,664.48,-59.91,0.57,7,Office Supplies
6902,3981.9,699.63,0.68,10,Technology
5627,3456.58,-370.71,0.39,3,Technology
3561,3032.69,-348.64,0.33,8,Furniture
4845,1055.07,-429.43,0.01,5,Furniture
3598,881.83,789.19,0.4,2,Furniture
8055,578.71,-159.96,0.45,8,Furniture
6575,3926.58,654.06,0.62,9,Furniture
3476,4268.51,810.54,0.48,2,Office Supplies
1826,4633.89,156.74,0.37,2,Technology
2669,4119.82,-437.05,0.08,2,Technology
6925,793.59,-61.82,0.35,9,Furniture
2626,779.94,45.61,0.66,2,Technology
8194,4848.49,653.83,0.01,8,Furniture
5698,2530.06,-372.15,0.3,7,Furniture
5021,766.54,630.26,0.34,4,Technology
8025,2072.91,113.96,0.37,9,Office Supplies
6927,4719.26,163.87,0.62,9,Technology
2389,1698.14,102.48,0.62,7,Technology
7443,3798.37,490.26,0.51,10,Technology
9516,4863.58,128.96,0.71,9,Furniture
6139,4547.06,-488.15,0.22,9,Office Supplies
3406,3504.47,169.28,0.16,9,Office Supplies
8244,3490.38,831.51,0.63,7,Technology
5940,430.56,306.15,0.31,3,Office Supplies
9860,1426.8,-360.77,0.44,9,Furniture
3621,126.87,835.48,0.43,5,Technology
5979,3635.28,980.43,0.09,1,Furniture
5255,3138.68,31.71,0.04,2,Furniture
5881,2866.45,-492.18,0.27,4,Office Supplies
9737,4224.03,-149.24,0.24,10,Office Supplies
3293,3574.61,279.5,0.2,6,Office Supplies
4154,4115.99,41.9,0.08,7,Furniture
2342,470.32,137.33,0.1,4,Furniture
2279,1852.78,289.38,0.47,9,Furniture
5320,2925.68,454.69,0.8,8,Office Supplies
7830,4120.82,-283.48,0.1,8,Technology
9408,4317.73,-322.91,0.17,8,Technology
3569,4720.91,54.0,0.76,10,Furniture
2807,613.12,357.65,0.03,3,Technology
7086,1531.57,61.69,0.24,1,Technology
3328,3921.12,132.64,0.75,5,Furniture
4532,923.55,609.49,0.0,9,Furniture
2106,4353.43,126.36,0.46,10,Furniture
6534,3908.93,212.84,0.58,10,Technology
3269,2528.77,191.4,0.36,8,Technology
6328,455.68,437.16,0.5,7,Technology
7478,1701.6,-431.27,0.54,8,Office Supplies
5544,3233.12,798.93,0.57,10,Office Supplies
6060,2809.61,-314.33,0.45,4,Office Supplies
9877,2888.51,-420.69,0.46,4,Furniture
9235,4485.35,-319.58,0.75,3,Technology
5504,3935.92,-132.07,0.56,10,Furniture
2386,4036.54,410.28,0.32,1,Furniture
1381,1706.38,-229.24,0.02,9,Furniture
7258,1293.32,-328.03,0.08,3,Furniture
3359,921.52,652.46,0.12,7,Office Supplies
3772,303.98,941.69,0.15,1,Furniture
7388,502.73,-286.31,0.71,5,Furniture
2981,268.87,-140.57,0.48,4,Furniture
9333,3764.43,77.57,0.09,1,Furniture
8615,2770.07,-401.81,0.02,4,Technology
5409,2774.84,379.26,0.08,9,Office Supplies
3057,1530.02,110.12,0.07,9,Technology
3332,1872.79,977.96,0.63,9,Furniture
8401,218.54,718.97,0.77,10,Furniture
3742,12.71,900.26,0.39,10,Furniture
7228,4996.22,763.66,0.17,9,Furniture
1745,815.47,301.13,0.06,2,Furniture
3014,4154.19,587.61,0.8,7,Technology
9270,4787.51,-22.54,0.55,6,Office Supplies
5282,4898.41,561.63,0.22,6,Furniture
4450,2304.4,399.27,0.01,3,Office Supplies
1033,3047.85,-493.58,0.01,3,Furniture
9011,3814.7,307.2,0.63,2,Office Supplies
1507,4463.94,724.08,0.36,2,Furniture
7166,4139.06,36.95,0.14,1,Technology
8580,1858.7,-210.51,0.01,1,Furniture
6862,965.64,724.42,0.5,4,Technology
9090,4836.81,-444.81,0.39,10,Technology
1116,988.47,731.69,0.32,5,Office Supplies
9197,2475.12,327.68,0.53,10,Office Supplies
3875,336.15,-307.63,0.05,5,Office Supplies
4734,4406.21,593.35,0.22,1,Office Supplies
9731,3076.14,521.02,0.71,1,Furniture
1849,4270.76,-15.5,0.68,7,Furniture
2994,3404.07,199.88,0.29,1,Office Supplies
4678,244.35,877.59,0.43,6,Technology
7420,981.09,-377.29,0.46,1,Office Supplies
4696,4890.7,135.73,0.06,4,Technology
3694,1652.83,-405.73,0.5,1,Furniture
8077,4042.21,388.8,0.5,6,Furniture
5049,548.12,-142.46,0.27,1,Furniture
9514,3972.61,915.32,0.62,10,Furniture
2567,3130.49,368.4,0.07,1,Technology
7183,1573.26,771.54,0.05,3,Technology
8240,283.4,416.11,0.35,2,Office Supplies
1914,2800.7,-57.62,0.31,2,Office Supplies
7735,1173.23,399.36,0.53,1,Furniture
7290,2326.4,142.16,0.5,2,Furniture
1425,2275.84,-7.71,0.15,2,Technology
2106,2968.5,761.17,0.72,3,Office Supplies
9337,1288.87,131.51,0.58,8,Technology
4983,696.99,-433.89,0.1,10,Furniture
9407,4799.11,631.56,0.25,9,Technology
3415,2352.92,404.99,0.23,1,Office Supplies
3369,296.02,260.66,0.67,1,Furniture
6633,985.08,-199.44,0.73,2,Furniture
4102,3342.62,542.17,0.79,10,Office Supplies
6425,4261.52,349.15,0.27,5,Furniture
6384,819.78,181.45,0.63,1,Furniture
4594,4600.57,458.15,0.55,8,Office Supplies
4492,1202.71,601.88,0.76,6,Office Supplies
7158,1034.53,-223.63,0.79,6,Technology
2208,1795.85,332.04,0.11,8,Technology
6896,229.09,-455.47,0.16,3,Technology
5292,3597.0,9.73,0.44,3,Technology
1352,888.63,-107.32,0.08,3,Furniture
2818,1698.53,-184.64,0.36,6,Furniture
3807,4706.4,965.65,0.8,7,Office Supplies
2071,601.28,824.08,0.1,4,Technology
9725,1897.2,61.38,0.48,4,Technology
4098,4273.63,-58.73,0.12,4,Technology
5588,4365.53,777.25,0.77,8,Technology
2333,3925.48,686.5,0.49,3,Office Supplies
7358,3759.03,467.61,0.41,8,Office Supplies
8606,903.2,568.73,0.42,8,Office Supplies
9106,2374.05,371.78,0.51,10,Office Supplies
1599,1043.93,842.33,0.36,4,Furniture
4581,1536.94,833.06,0.46,6,Furniture
2388,680.31,-373.96,0.36,6,Technology
1674,2331.61,431.69,0.34,8,Furniture
7700,1843.88,246.31,0.22,1,Technology
8236,1176.61,468.03,0.29,2,Furniture
9220,2568.83,465.48,0.63,4,Technology
2942,366.03,-442.58,0.16,4,Office Supplies
6394,1257.62,617.82,0.61,5,Technology
3258,4992.04,628.58,0.59,5,Technology
5906,1416.41,19.95,0.8,7,Office Supplies
1194,2365.3,268.97,0.61,3,Furniture
4728,1142.36,623.71,0.38,9,Office Supplies
8679,3615.33,192.1,0.63,6,Technology
8025,3852.95,546.91,0.17,8,Office Supplies
1493,1879.75,366.26,0.1,1,Furniture
6810,1705.71,128.72,0.55,7,Office Supplies
9808,1505.19,380.43,0.45,1,Technology
3518,4886.44,991.39,0.45,10,Office Supplies
7404,4901.06,-193.69,0.31,9,Furniture
4085,2379.14,-6.74,0.77,5,Technology
3808,530.52,329.36,0.03,10,Furniture
1439,941.59,-395.76,0.77,5,Technology
4818,1462.62,286.59,0.36,6,Office Supplies
1180,867.41,789.56,0.33,3,Technology
3115,2686.9,217.38,0.06,4,Technology
4369,1555.69,726.84,0.53,3,Office Supplies
6084,2941.58,253.71,0.55,5,Technology
1121,4955.51,168.6,0.66,10,Technology
9615,1651.17,353.84,0.39,8,Office Supplies
1640,3689.08,-68.13,0.7,8,Furniture
5873,1961.54,735.14,0.68,7,Technology
3942,4500.82,599.87,0.37,3,Office Supplies
2565,1973.82,918.53,0.19,3,Furniture
9810,1466.53,874.44,0.56,4,Furniture
7738,4962.02,329.24,0.8,2,Technology
9264,3835.03,-10.98,0.36,5,Technology
9291,232.73,-459.92,0.51,8,Furniture
6630,3732.33,783.66,0.32,1,Furniture
2878,3548.41,-295.28,0.54,8,Furniture
8558,350.5,322.64,0.19,8,Technology
8713,4103.93,762.34,0.14,1,Office Supplies
2646,894.41,-313.77,0.59,3,Technology
1183,3390.14,-269.76,0.29,4,Office Supplies
1564,4464.51,298.45,0.35,1,Office Supplies
9566,3208.65,574.62,0.72,7,Office Supplies
6051,2225.49,397.31,0.04,7,Technology
5091,1879.48,-142.19,0.07,7,Technology
1238,1692.21,-211.77,0.54,4,Technology
3750,3622.82,-433.98,0.41,6,Furniture
4105,3127.12,901.49,0.32,7,Technology
4807,1076.76,34.86,0.14,7,Office Supplies
6181,69.79,-180.85,0.18,5,Office Supplies
7045,229.26,828.19,0.33,10,Furniture
2668,3565.53,686.89,0.74,10,Technology
5127,4795.58,399.8,0.79,7,Office Supplies
3177,1666.91,453.03,0.71,6,Office Supplies
8899,346.89,-473.53,0.73,8,Furniture
9372,3206.55,-151.36,0.47,1,Technology
1347,3085.58,845.17,0.25,7,Technology
2300,309.02,61.79,0.24,3,Furniture
4348,3213.77,-142.9,0.58,8,Office Supplies
6385,679.99,-23.69,0.63,1,Office Supplies
7797,3243.75,-67.32,0.02,6,Furniture
4969,1037.03,-418.89,0.73,4,Office Supplies
4644,3044.24,72.23,0.26,8,Office Supplies
1099,332.44,237.46,0.76,1,Office Supplies
3318,4691.99,-311.66,0.14,9,Technology
4871,2542.05,139.36,0.37,3,Office Supplies
4236,1232.18,-235.35,0.2,5,Office Supplies
8344,4838.95,-197.9,0.69,8,Technology
6891,1997.24,-248.35,0.35,9,Office Supplies
8101,3804.02,729.41,0.63,1,Furniture
8002,4271.67,638.29,0.74,10,Office Supplies
3503,2768.73,-236.45,0.3,5,Furniture
5640,1881.98,409.04,0.06,3,Office Supplies
8688,986.62,874.2,0.0,9,Office Supplies
7131,2462.35,888.54,0.75,6,Furniture
9020,1545.98,981.28,0.06,1,Technology
7304,4661.33,-256.46,0.61,5,Office Supplies
6711,2552.95,232.93,0.55,1,Office Supplies
7313,4633.33,603.5,0.19,1,Furniture
1462,3490.38,468.0,0.21,8,Office Supplies
3414,1278.9,403.22,0.76,3,Technology
2912,3857.15,466.6,0.73,7,Office Supplies
2316,2597.5,-216.77,0.34,7,Furniture
5951,2508.23,299.8,0.71,10,Furniture
7743,3764.79,886.48,0.7,2,Office Supplies
6642,4073.0,-96.47,0.17,7,Office Supplies
6047,42.04,-247.4,0.39,2,Technology
7845,2629.56,481.78,0.59,3,Technology
7138,940.14,-298.5,0.39,9,Technology
8383,2839.79,-181.14,0.16,3,Technology
5249,4914.91,807.42,0.35,10,Technology
3721,408.25,-371.44,0.1,2,Furniture
1486,2932.38,216.85,0.54,2,Technology
2000,1337.74,932.82,0.53,1,Technology
4458,2616.45,-489.11,0.48,5,Furniture
8753,3786.99,406.56,0.27,6,Furniture
4925,4705.55,497.62,0.3,1,Furniture
6410,4033.29,-495.37,0.7,7,Office Supplies
3275,138.15,-315.66,0.42,4,Furniture
8404,3095.57,488.31,0.38,7,Office Supplies
4079,25.61,457.11,0.75,6,Technology
6901,4368.44,954.4,0.59,8,Technology
8938,2006.82,418.89,0.07,7,Furniture
2645,3674.05,-59.21,0.16,3,Office Supplies
9267,168.41,246.89,0.07,9,Furniture
3753,4483.08,932.58,0.39,9,Technology
4987,1066.09,629.88,0.53,2,Technology
8125,4966.87,-456.17,0.74,6,Furniture
5593,1109.68,-113.56,0.38,2,Office Supplies
3224,4614.45,450.32,0.39,6,Technology
2059,3223.49,65.52,0.57,7,Office Supplies
8159,4044.15,-164.67,0.09,2,Technology
2460,1707.79,388.3,0.15,2,Office Supplies
7025,645.81,-29.94,0.3,1,Furniture
2013,2954.4,-215.21,0.31,7,Furniture
6980,3989.62,900.89,0.1,10,Office Supplies
4639,541.86,-486.22,0.68,6,Technology
5863,4187.71,249.75,0.36,10,Furniture
3389,3737.83,773.69,0.66,1,Office Supplies
6245,1551.37,985.5,0.1,10,Furniture
4534,2480.18,556.21,0.3,6,Technology
4450,4241.87,901.65,0.18,1,Technology
8987,3639.7,-51.35,0.65,3,Technology
9977,1967.51,133.66,0.38,6,Furniture
7407,368.4,590.13,0.23,4,Office Supplies
9978,1974.92,-303.65,0.6,10,Technology
5981,2293.09,-254.46,0.11,8,Furniture
3372,1056.73,706.54,0.16,1,Furniture
2670,3394.81,982.73,0.12,7,Office Supplies
3756,4630.67,-355.93,0.78,3,Technology
2922,4901.58,475.15,0.47,3,Office Supplies
7619,1232.56,-321.8,0.32,5,Office Supplies
3826,3267.46,63.06,0.55,2,Furniture
7260,1383.33,479.79,0.29,2,Technology
2353,619.04,462.11,0.73,4,Technology
8856,1375.89,618.04,0.64,3,Furniture
8932,4999.77,554.11,0.24,3,Technology
6328,326.86,863.32,0.64,3,Furniture
1323,1975.04,726.19,0.63,9,Furniture
2047,2599.32,377.08,0.57,2,Technology
2922,911.51,398.65,0.14,9,Furniture
6149,624.0,-306.78,0.16,3,Technology
5206,4258.74,-447.49,0.78,9,Furniture
6956,4831.72,-242.6,0.78,1,Technology
5925,240.37,918.69,0.72,5,Office Supplies
9750,2230.15,365.61,0.56,9,Furniture
9818,2557.85,531.9,0.53,1,Technology
1601,948.49,-50.44,0.67,3,Office Supplies
4539,2963.0,-83.91,0.58,7,Technology
5177,1310.77,474.65,0.13,8,Technology
5164,3385.86,910.3,0.11,4,Technology
5413,4976.84,545.2,0.15,6,Office Supplies
9379,3028.67,129.53,0.12,7,Furniture
1424,4820.45,-128.75,0.22,9,Technology
9984,2039.84,-5.96,0.07,6,Furniture
3397,4345.59,-161.35,0.01,7,Technology
7203,4759.4,674.1,0.1,9,Office Supplies
6022,2948.25,710.2,0.08,6,Office Supplies
5620,2762.2,411.2,0.72,3,Furniture
7382,911.56,709.13,0.54,9,Office Supplies
7597,2389.54,-308.64,0.01,9,Office Supplies
3547,3291.24,-285.99,0.45,5,Technology
7064,3540.44,-126.33,0.49,8,Technology
8191,4931.37,697.7,0.4,5,Furniture
9529,4708.97,822.08,0.65,5,Office Supplies
2424,4737.8,109.77,0.25,2,Office Supplies
2302,392.7,-139.94,0.07,10,Technology
2385,3719.61,331.24,0.39,1,Furniture
9334,4662.88,-295.36,0.4,9,Office Supplies
3042,2033.3,424.43,0.73,1,Office Supplies
7962,3515.93,624.5,0.2,9,Office Supplies
1693,3040.79,946.97,0.54,9,Technology
3864,384.86,759.11,0.41,1,Furniture
9118,1901.68,59.93,0.09,4,Office Supplies
2931,1457.42,224.69,0.21,1,Office Supplies
7449,1095.14,-42.77,0.75,9,Technology
8586,4463.54,772.53,0.05,1,Office Supplies
8542,1649.47,30.84,0.0,3,Furniture
6808,54.23,146.21,0.16,9,Office Supplies
3518,2059.49,869.66,0.01,5,Technology
8711,1982.84,-51.07,0.34,3,Office Supplies
5415,552.39,157.86,0.67,3,Technology
6795,3737.98,-491.28,0.71,4,Technology
4105,1431.65,-299.48,0.34,6,Technology
3626,3334.36,922.56,0.77,5,Technology
7899,2450.45,243.35,0.55,3,Furniture
7551,2514.27,885.34,0.67,7,Technology
2797,4788.82,689.07,0.1,6,Office Supplies
1223,3839.25,-145.24,0.54,6,Furniture
1131,2177.3,-65.8,0.39,7,Technology
3498,3648.95,-219.71,0.22,2,Furniture
5052,3334.99,143.74,0.38,2,Office Supplies
9230,3059.39,-217.0,0.68,3,Technology
2973,670.16,-442.45,0.79,3,Furniture
1289,3086.17,-363.6,0.04,7,Office Supplies
6020,3503.79,970.19,0.18,7,Furniture
2005,2554.22,465.81,0.24,5,Furniture
5596,4715.56,567.38,0.2,1,Technology
1669,12.67,490.65,0.26,5,Furniture
5590,4543.33,-348.86,0.15,8,Furniture
6476,1528.74,-354.67,0.01,9,Technology
6426,1809.24,715.05,0.59,10,Office Supplies
7088,1198.88,-86.08,0.47,2,Technology
3137,3151.5,402.75,0.03,4,Technology
8303,4628.25,-387.68,0.44,6,Furniture
8769,4948.33,-197.0,0.58,1,Technology
4140,2096.88,567.4,0.71,9,Furniture
6996,2247.93,575.99,0.73,2,Furniture
7864,2623.58,928.67,0.63,3,Office Supplies
5491,3486.56,-306.6,0.04,10,Technology
4116,3706.17,96.24,0.55,9,Technology
3711,2194.35,263.92,0.45,7,Furniture
5448,1042.55,-494.6,0.46,10,Office Supplies
1145,4396.98,685.97,0.36,9,Furniture
5971,4263.85,-55.45,0.21,2,Technology
4668,237.61,-142.67,0.03,3,Furniture
3178,1359.47,685.93,0.51,4,Technology
9758,589.76,472.97,0.51,6,Furniture
2363,4732.67,825.98,0.21,3,Furniture
5831,1629.93,-414.1,0.65,6,Technology
5582,891.91,957.41,0.43,10,Technology
7258,4728.82,-113.98,0.5,10,Office Supplies
4377,4086.07,-169.04,0.22,10,Office Supplies
7479,786.65,-152.42,0.58,6,Technology
8848,477.52,-227.73,0.15,3,Technology
9036,4717.34,-229.39,0.23,5,Technology
3911,4089.32,531.05,0.15,3,Technology
7986,1233.82,863.7,0.78,2,Office Supplies
9630,695.08,625.67,0.01,2,Furniture
7291,113.37,739.84,0.61,1,Technology
5068,3852.89,-98.52,0.75,10,Technology
1153,4788.51,-340.49,0.59,6,Office Supplies
2392,1019.58,220.64,0.45,8,Technology
6036,1665.46,-268.23,0.04,5,Office Supplies
9906,624.15,737.39,0.08,5,Technology
9381,4433.42,122.93,0.0,4,Technology
4713,2141.41,-278.94,0.52,4,Office Supplies
7303,3436.96,572.28,0.72,8,Technology
2804,1130.37,934.7,0.23,2,Office Supplies
6467,600.57,884.98,0.74,1,Office Supplies
3475,898.56,295.72,0.48,7,Technology
5940,3127.54,-69.49,0.7,5,Furniture
7047,4665.08,716.08,0.57,2,Technology
3435,3891.14,-280.12,0.12,8,Office Supplies
8838,4075.1,-330.25,0.34,5,Technology
2481,1622.04,-308.7,0.61,6,Furniture
9097,2124.92,540.13,0.33,6,Technology
5028,1922.09,324.01,0.43,8,Office Supplies
9785,4108.81,76.94,0.46,7,Office Supplies
4593,3518.44,-147.21,0.0,1,Furniture
8764,4788.5,881.36,0.05,6,Furniture
3283,1480.54,-283.79,0.68,7,Technology
4452,4140.83,-416.2,0.11,3,Furniture
1431,3483.65,137.06,0.04,2,Office Supplies
2208,2389.36,390.89,0.13,3,Furniture
3314,404.18,-384.4,0.46,7,Technology
3988,2354.13,-289.83,0.42,5,Furniture
7742,3615.56,165.96,0.52,1,Furniture
2822,787.88,821.74,0.03,3,Office Supplies
3627,64.23,749.02,0.54,8,Office Supplies
5227,4596.56,252.81,0.57,7,Technology
5453,4865.88,282.25,0.78,3,Office Supplies
4471,2008.01,-416.0,0.31,9,Office Supplies
2264,4084.63,202.65,0.25,7,Furniture
3700,282.81,57.22,0.34,5,Technology
2710,398.26,404.79,0.68,1,Technology
5623,822.17,-340.3,0.17,1,Furniture
4075,2762.94,457.58,0.03,5,Technology
1735,2823.06,685.34,0.04,6,Technology
6056,52.31,34.97,0.23,7,Office Supplies
4192,1579.22,85.96,0.28,3,Office Supplies
2595,1663.28,844.77,0.4,9,Technology
1388,2940.01,73.17,0.47,1,Furniture
3641,766.17,194.66,0.71,2,Office Supplies
4794,4423.17,711.21,0.52,3,Office Supplies
9459,4961.47,413.11,0.42,6,Furniture
3149,1701.71,40.47,0.68,7,Technology
7350,1203.16,995.51,0.49,3,Office Supplies
9151,496.06,-477.59,0.61,5,Office Supplies
2428,2499.57,182.21,0.14,5,Technology
2116,1407.79,44.99,0.07,3,Office Supplies
8548,1297.14,209.89,0.2,8,Office Supplies
3301,4699.75,957.52,0.39,6,Furniture
7568,2051.08,429.53,0.54,8,Furniture
9396,4225.73,928.07,0.3,7,Office Supplies
8374,1321.51,813.3,0.55,10,Office Supplies
1934,3707.8,-132.77,0.66,1,Technology
2725,1460.4,-262.69,0.32,2,Technology
7360,4372.05,503.73,0.28,8,Office Supplies
9767,4501.63,197.28,0.07,2,Furniture
8096,1005.36,-6.92,0.25,10,Furniture
4483,3514.43,214.33,0.22,1,Office Supplies
3551,4743.18,-281.73,0.17,10,Technology
7230,321.38,712.8,0.63,8,Technology
1886,1065.35,-465.59,0.61,7,Furniture
5129,3182.08,-374.61,0.06,7,Technology
5887,4370.14,177.13,0.34,4,Office Supplies
5250,928.55,-419.39,0.72,7,Furniture
5864,831.02,23.91,0.34,8,Office Supplies
3632,4828.29,155.18,0.73,10,Furniture
1162,2808.93,840.67,0.16,10,Office Supplies
3369,1625.43,979.55,0.75,6,Technology
3465,4483.54,900.73,0.4,6,Technology
7658,1321.39,583.43,0.79,3,Office Supplies
8361,3198.19,367.57,0.03,4,Furniture
9947,3874.18,401.42,0.17,4,Technology
1235,1857.58,45.69,0.24,5,Office Supplies
3043,3499.59,473.37,0.36,7,Furniture
6770,4142.65,138.77,0.78,6,Technology
3880,2299.53,59.68,0.44,3,Office Supplies
8141,1914.0,767.64,0.55,7,Office Supplies
5640,3513.44,906.85,0.72,2,Technology
2700,457.29,-475.36,0.75,2,Furniture
9924,507.51,166.16,0.46,1,Office Supplies
5749,4260.01,-182.19,0.62,9,Furniture
2875,985.85,204.36,0.1,8,Furniture
7484,47.95,61.97,0.18,5,Furniture
5333,1543.91,854.01,0.73,4,Technology
7792,173.05,-460.63,0.63,9,Office Supplies
6201,1682.1,938.74,0.79,4,Office Supplies
7412,971.38,466.65,0.66,10,Furniture
3111,4697.56,85.62,0.58,7,Furniture
9475,800.63,-153.55,0.57,3,Office Supplies
2939,3160.89,676.42,0.67,5,Office Supplies
3605,4744.01,-194.36,0.07,7,Technology
3507,148.81,561.36,0.74,2,Office Supplies
7265,136.2,601.25,0.79,6,Technology
4927,3266.09,-167.37,0.16,4,Office Supplies
7194,3854.25,488.89,0.22,3,Office Supplies
1379,3195.55,369.03,0.08,8,Office Supplies
3010,544.31,-76.31,0.72,2,Technology
9097,4224.67,869.08,0.17,2,Furniture
1359,2074.59,229.78,0.5,4,Office Supplies
7879,1882.52,-29.62,0.73,3,Technology
5894,60.6,-231.98,0.45,10,Technology
2920,4879.82,990.61,0.39,10,Office Supplies
9953,35.02,282.62,0.2,2,Technology
1484,2684.41,276.99,0.61,4,Furniture
2880,4493.88,-455.75,0.11,2,Office Supplies
3073,1345.28,222.36,0.76,6,Office Supplies
5822,2340.55,713.52,0.35,7,Technology
5097,873.07,530.59,0.71,5,Furniture
2685,2922.4,649.67,0.25,4,Office Supplies
8992,2173.02,169.24,0.48,5,Furniture
2762,3040.41,143.97,0.45,6,Office Supplies
2052,2252.52,834.17,0.77,5,Office Supplies
7714,1474.43,740.03,0.52,9,Furniture
7525,159.4,-230.14,0.26,3,Furniture
5019,372.48,485.43,0.3,6,Technology
1157,1599.76,-483.65,0.26,8,Office Supplies
6268,4494.73,342.46,0.31,10,Technology
9638,1095.14,341.44,0.57,2,Office Supplies
7909,3413.84,152.81,0.65,4,Technology
1813,4015.6,247.98,0.79,7,Technology
3033,2269.4,402.15,0.47,4,Office Supplies
1348,1432.33,465.5,0.68,1,Furniture
5659,663.98,950.28,0.03,9,Office Supplies
1640,1693.58,-475.59,0.38,7,Office Supplies
5931,1380.62,630.54,0.32,9,Furniture
9090,3065.48,89.99,0.56,8,Furniture
2989,4216.95,906.56,0.08,4,Technology
1170,702.28,990.31,0.69,7,Technology
3788,449.2,586.16,0.65,9,Technology
1860,1305.84,677.42,0.09,5,Technology
5320,1653.35,419.13,0.65,5,Office Supplies
3790,4625.04,375.18,0.1,6,Technology
7771,3188.15,502.35,0.42,4,Office Supplies
8830,3309.73,964.52,0.26,8,Technology
2504,1326.42,-55.65,0.07,9,Technology
4373,3477.88,-387.28,0.4,4,Technology
4541,2346.07,77.59,0.39,6,Technology
9644,2574.5,-29.96,0.76,8,Office Supplies
3523,4240.56,-341.51,0.1,6,Furniture
8412,4340.62,270.2,0.62,4,Technology
5552,2121.24,529.4,0.76,10,Office Supplies
2672,744.98,814.29,0.6,4,Technology
8550,943.28,-457.12,0.53,8,Furniture
5351,600.45,325.46,0.28,4,Technology
7503,2515.93,261.89,0.04,5,Furniture
2602,255.18,73.78,0.74,4,Furniture
4103,2019.43,391.07,0.42,8,Office Supplies
8103,554.83,-425.19,0.2,2,Technology
2887,275.16,-446.47,0.21,2,Office Supplies
2655,1384.54,823.9,0.56,7,Furniture
7437,515.51,600.89,0.7,5,Furniture
4370,863.44,-194.64,0.51,10,Furniture
1050,480.27,254.86,0.56,8,Office Supplies
6002,4264.29,531.9,0.14,2,Technology
4069,1667.46,182.82,0.77,8,Furniture
6473,113.93,961.56,0.71,3,Office Supplies
1159,2974.09,954.31,0.47,8,Technology
8742,555.84,728.39,0.45,5,Technology
9606,2520.7,632.49,0.62,2,Furniture
6499,2268.56,602.22,0.79,5,Office Supplies
8970,1275.15,188.13,0.66,5,Office Supplies
6467,4457.95,661.79,0.69,10,Furniture
2847,1356.99,278.96,0.51,3,Furniture
4608,3300.24,-287.55,0.4,4,Office Supplies
8056,1803.51,616.55,0.16,7,Office Supplies
2768,4827.61,815.72,0.54,8,Office Supplies
3866,1333.89,518.6,0.71,7,Office Supplies
7836,4726.88,-85.63,0.15,10,Office Supplies
6624,4172.52,-315.56,0.64,10,Furniture
5725,559.85,-487.5,0.74,3,Furniture
3461,2620.7,-65.33,0.45,3,Furniture
8976,1448.42,699.68,0.01,1,Technology
5636,4129.1,-314.85,0.39,1,Furniture
6771,3304.66,-499.04,0.2,6,Furniture
9224,3329.98,653.33,0.12,2,Office Supplies
5434,721.79,599.58,0.35,2,Furniture
4585,170.36,899.4,0.2,7,Furniture
7539,4834.87,-352.79,0.21,5,Office Supplies
6091,874.78,153.72,0.7,10,Technology
4268,1257.6,124.47,0.16,5,Technology
5871,2837.66,442.48,0.44,7,Furniture
2573,701.66,162.85,0.25,6,Furniture
6803,2144.07,130.76,0.33,1,Office Supplies
1432,4787.88,131.38,0.6,10,Furniture
4975,2905.81,59.67,0.5,10,Furniture
1877,3779.12,88.99,0.32,1,Furniture
9487,2306.5,-418.48,0.04,2,Furniture
2595,4111.48,348.17,0.55,1,Technology
9369,3699.42,-420.47,0.16,3,Office Supplies
9115,690.65,842.58,0.51,3,Furniture
6093,3598.52,904.8,0.64,10,Office Supplies
4288,582.4,-499.95,0.48,2,Office Supplies
2587,1243.56,-344.59,0.02,9,Furniture
7401,287.71,-317.28,0.32,3,Technology
9957,1308.75,419.14,0.35,10,Technology
8083,739.77,-467.51,0.11,4,Technology
9380,3710.91,320.02,0.38,5,Furniture
2638,4795.87,239.45,0.53,7,Furniture
2758,2325.18,720.24,0.12,5,Furniture
2968,2825.4,-483.47,0.24,10,Furniture
1698,4541.46,32.09,0.11,8,Furniture
1149,4908.95,36.62,0.68,9,Technology
6715,4513.73,287.58,0.41,3,Office Supplies
3480,1765.82,578.81,0.27,3,Furniture
5963,4618.15,-397.68,0.67,8,Furniture
8729,3033.15,-229.44,0.57,9,Office Supplies
9608,1303.54,546.65,0.47,10,Furniture
7615,347.17,-455.72,0.59,4,Technology
2740,2502.18,518.98,0.26,4,Office Supplies
4876,536.1,821.13,0.58,7,Furniture
2054,319.01,-124.27,0.03,2,Furniture
7132,3036.6,761.02,0.74,6,Technology
8364,1894.37,983.31,0.46,4,Technology
5136,2460.6,518.27,0.18,3,Furniture
9659,4045.27,-211.56,0.47,2,Technology
1544,4051.94,839.94,0.29,7,Office Supplies
9955,4323.81,11.07,0.55,9,Furniture
4115,4163.69,355.56,0.38,6,Furniture
3258,4009.96,158.32,0.5,2,Office Supplies
2280,644.69,275.87,0.08,8,Technology
1843,3011.43,-3.62,0.18,5,Furniture
7396,3519.33,-398.07,0.7,5,Technology
9755,2881.03,779.79,0.75,9,Furniture
7540,3097.04,318.91,0.71,10,Furniture
5309,3269.63,-451.59,0.34,4,Furniture
1973,705.05,320.63,0.59,1,Technology
9086,373.83,922.0,0.72,1,Furniture
2159,4750.04,397.22,0.49,2,Office Supplies
8844,4733.54,-94.24,0.03,1,Furniture
9316,1133.97,25.39,0.38,4,Technology
1906,141.51,672.73,0.16,10,Furniture
1296,2766.95,-421.79,0.61,3,Furniture
7993,2752.23,-326.63,0.09,10,Furniture
6763,976.29,154.79,0.05,4,Technology
1164,1143.36,621.21,0.71,9,Office Supplies
1750,4954.78,-477.65,0.58,1,Technology
1928,642.31,-229.11,0.03,6,Office Supplies
5001,4990.46,-305.43,0.32,2,Office Supplies
2258,391.13,907.56,0.16,6,Technology
8266,3568.54,912.14,0.62,5,Office Supplies
5001,2638.95,-98.7,0.56,9,Technology
1884,1739.71,116.25,0.76,8,Furniture
2285,1025.74,-294.3,0.78,4,Furniture
4453,622.51,587.37,0.63,1,Technology
8213,3253.04,180.64,0.09,8,Technology
5428,1397.06,76.26,0.66,2,Technology
5572,4274.33,75.9,0.02,7,Furniture
8274,231.63,-191.4,0.15,7,Office Supplies
1856,3305.41,-453.04,0.61,1,Office Supplies
6508,4614.27,861.17,0.65,10,Technology
1448,1711.31,743.86,0.35,7,Office Supplies
1935,4038.91,329.94,0.76,5,Office Supplies
8594,2124.94,578.83,0.62,5,Technology
7247,2341.99,988.92,0.19,1,Furniture
5495,436.83,-125.1,0.43,6,Office Supplies
7465,202.64,-88.6,0.21,5,Office Supplies
1202,630.29,352.66,0.26,5,Technology
8271,2318.99,159.86,0.37,6,Furniture
4569,2048.97,369.36,0.06,10,Office Supplies
6145,4766.93,160.66,0.21,5,Furniture
9108,644.84,445.51,0.12,10,Office Supplies
1812,1171.04,481.9,0.15,9,Furniture
6199,219.36,576.04,0.05,5,Furniture
1264,3395.16,786.24,0.28,1,Office Supplies
4845,1755.15,-383.78,0.36,9,Technology
4882,1028.17,355.55,0.66,7,Technology
7987,4380.51,-285.38,0.26,6,Furniture
7686,4487.99,62.07,0.75,5,Office Supplies
1510,809.96,-433.08,0.74,10,Technology
2740,3049.1,712.05,0.41,9,Office Supplies
6636,4700.3,68.26,0.47,3,Furniture
2285,4776.34,937.94,0.79,10,Office Supplies
9982,3672.42,308.45,0.1,9,Technology
8738,3299.4,280.5,0.25,4,Office Supplies
5801,4556.24,-6.97,0.64,6,Technology
8468,1580.93,958.6,0.55,8,Office Supplies
7716,1815.79,27.98,0.4,6,Office Supplies
8932,3030.04,173.45,0.34,10,Technology
9808,1232.27,863.9,0.54,3,Office Supplies
5264,3981.32,12.36,0.09,7,Furniture
9274,4916.41,364.02,0.51,4,Technology
8439,87.41,-318.82,0.21,9,Office Supplies
8698,3716.84,-310.4,0.03,7,Technology
3735,4949.77,-301.43,0.69,7,Furniture
6805,645.99,545.39,0.19,5,Technology
6518,4488.16,847.53,0.47,10,Technology
1741,378.03,881.09,0.76,7,Office Supplies
8368,3706.08,153.54,0.61,3,Office Supplies
4005,3621.3,384.34,0.66,9,Technology
3494,4479.04,390.33,0.3,8,Furniture
6250,2198.55,263.0,0.47,2,Technology
5871,2471.53,-427.57,0.41,9,Office Supplies
9326,4221.89,140.03,0.26,6,Technology
3346,219.25,917.58,0.71,4,Furniture
9505,1398.5,819.38,0.25,6,Furniture
3713,601.57,-89.23,0.35,3,Furniture
5250,4944.14,630.2,0.74,5,Technology
2572,1042.15,758.18,0.6,1,Office Supplies
1651,4799.68,309.74,0.64,1,Furniture
1422,1854.01,-77.24,0.76,7,Office Supplies
8288,2609.26,746.56,0.24,2,Office Supplies
2965,2227.58,148.4,0.21,3,Furniture
2908,4842.51,705.46,0.6,4,Office Supplies
2218,1642.31,260.59,0.22,9,Office Supplies
2213,3536.98,-27.79,0.74,7,Technology
9540,1594.46,762.15,0.53,1,Office Supplies
1130,1237.11,379.52,0.7,4,Office Supplies
4205,1333.78,-272.85,0.65,8,Furniture
3159,1000.88,813.8,0.76,4,Technology
8115,345.63,336.61,0.17,3,Technology
7851,3443.03,420.07,0.5,4,Office Supplies
6713,2426.32,485.41,0.14,5,Technology
5786,3343.2,235.33,0.5,10,Furniture
9903,2409.99,-355.2,0.09,5,Furniture
8326,1633.73,493.63,0.09,8,Furniture
2860,1744.42,97.13,0.1,8,Furniture
7750,3439.24,-456.56,0.21,4,Furniture
1996,2815.66,-15.21,0.54,7,Furniture
8240,2131.74,-108.95,0.04,8,Office Supplies
4587,1705.81,727.79,0.25,7,Technology
3728,2684.71,669.33,0.09,10,Office Supplies
6401,654.78,309.65,0.76,1,Furniture
2478,3904.36,-0.07,0.28,9,Technology
1806,2598.06,43.15,0.16,3,Office Supplies
7480,4300.02,-156.0,0.64,6,Furniture
7773,1085.92,600.0,0.75,1,Technology
9627,521.58,96.91,0.39,3,Furniture
5939,130.98,447.33,0.55,1,Furniture
3025,4066.85,66.79,0.32,5,Technology
2253,378.71,583.17,0.61,7,Technology
1241,3715.83,312.55,0.74,2,Office Supplies
7408,979.48,408.54,0.25,6,Furniture
9394,3719.98,-46.77,0.37,2,Furniture
8723,1889.14,144.3,0.18,7,Office Supplies
5563,2421.91,861.5,0.43,4,Furniture
1282,4965.84,591.34,0.76,9,Office Supplies
2774,2266.83,366.82,0.02,4,Furniture
7059,2389.26,-336.58,0.25,3,Office Supplies
2370,485.99,-246.12,0.69,8,Office Supplies
5095,428.61,104.79,0.67,9,Office Supplies
4808,304.08,240.13,0.33,6,Technology
1598,1614.0,347.97,0.33,1,Furniture
4427,3777.64,692.04,0.44,6,Office Supplies
4862,1615.97,563.3,0.41,2,Technology
7974,3499.29,63.53,0.61,3,Office Supplies
2990,839.32,156.4,0.78,1,Furniture
9113,861.9,704.73,0.39,9,Furniture
7543,56.2,-323.63,0.8,5,Office Supplies
6281,3079.35,57.45,0.52,3,Furniture
9572,3428.27,704.22,0.76,6,Office Supplies
5116,2365.83,-184.07,0.26,3,Technology
9591,3578.26,210.81,0.25,3,Technology
8708,344.57,965.46,0.25,4,Technology
2537,2693.28,-3.45,0.05,8,Office Supplies
3563,343.19,454.52,0.71,6,Office Supplies
1231,4640.12,-88.13,0.66,7,Office Supplies
6009,1842.7,650.48,0.75,9,Office Supplies
4319,396.61,-271.37,0.58,5,Technology
5307,2822.66,-309.94,0.42,7,Furniture
5542,4833.63,605.9,0.49,8,Technology
3754,23.33,-152.25,0.17,10,Technology
3348,832.44,811.92,0.26,1,Technology
9383,4038.1,138.11,0.38,5,Office Supplies
2921,1211.46,89.87,0.62,8,Furniture
6107,4194.86,-24.54,0.06,10,Technology
3721,4727.99,750.41,0.57,7,Office Supplies
8235,2455.57,683.45,0.55,9,Furniture
6704,898.28,799.21,0.68,6,Office Supplies
7948,1076.76,339.69,0.8,4,Furniture
7130,903.24,621.44,0.01,8,Furniture
9618,982.49,379.28,0.26,6,Furniture
